StudentID,Age,Gender,Ethnicity,ParentalEducation,StudyTimeWeekly,Absences,Tutoring,ParentalSupport,Extracurricular,Sports,Music,Volunteering,GPA,GradeClass,Ethnicity_Name,StudyTime_Norm,Engagement_Index,Participation_Total
1001,17,1,0,2,19.833722807854716,7,1,2,0,0,1,0,2.929195591667681,2.0,caucasian,0.9927731432791099,0.8449412002953769,1
1002,18,0,0,1,15.40875605584674,0,0,1,0,0,0,0,3.042914833436377,1.0,caucasian,0.7712704924672598,0.6148893447270818,0
1003,15,0,2,3,4.21056976881226,26,0,2,0,0,0,0,0.1126022544661815,4.0,hispanic,0.21071759210083985,0.29750231447058784,0
1004,17,1,0,3,10.028829473958217,14,0,3,1,0,0,0,2.0542181397029484,3.0,caucasian,0.5019649663815134,0.5763754764670594,1
1005,17,1,0,2,4.6724952729713305,17,1,3,0,0,0,0,1.2880611817953875,4.0,caucasian,0.23384041525028032,0.38868829067519617,0
1006,18,0,0,1,8.191218545250186,0,0,1,1,0,0,0,3.0841836144863937,1.0,caucasian,0.40997880813864107,0.36198516569704875,1
1007,15,0,1,1,15.601680474699297,10,0,3,0,1,0,0,2.748237414891583,2.0,african_american,0.780927801228458,0.7716494608599205,1
1008,15,1,1,4,15.424496305808074,22,1,1,1,0,0,0,1.360142712316461,4.0,african_american,0.7720584095943872,0.615440886716071,1
1009,17,0,0,0,4.562007558047703,1,0,2,0,1,0,1,2.896819189513569,2.0,caucasian,0.2283096795161368,0.30981677566129573,2
1010,16,1,0,1,18.4444663630972,0,0,3,1,0,0,0,3.5734742103297656,0.0,caucasian,0.923230477216908,0.8712613340518355,1
1011,17,0,0,1,11.851363655296536,11,0,1,0,0,0,0,2.1471716250185144,3.0,caucasian,0.5931964207598887,0.49023749453192206,0
1012,17,0,0,1,7.59848581924029,15,0,2,0,0,0,1,1.5595945190402771,4.0,caucasian,0.3803081060990047,0.4162156742693033,1
1013,17,0,1,1,10.038711615617212,21,0,3,1,0,0,0,1.520077814874808,4.0,african_american,0.5024596414143083,0.5767217489900158,1
1014,17,0,1,2,12.101425068754876,21,0,4,0,1,0,0,1.7515809583340785,4.0,african_american,0.6057138630483863,0.7239997041338704,1
1015,18,1,0,1,11.197810636915708,9,1,2,0,0,0,0,2.396788117124796,3.0,caucasian,0.5604812086169392,0.5423368460318574,0
1016,15,0,0,2,9.728100710723565,17,1,0,0,1,0,0,1.3415207165346672,4.0,caucasian,0.4869112446328433,0.3408378712429903,1
1017,18,0,3,1,10.098656081788002,14,0,2,1,1,0,0,2.232175277715976,3.0,other,0.5054603098718297,0.5038222169102807,2
1018,18,1,0,0,3.5282382085577235,16,1,2,0,0,0,0,1.3844041756940335,4.0,caucasian,0.1765617988939459,0.2735932592257621,0
1019,18,0,1,3,16.25465808609359,29,0,2,1,0,0,1,0.4695533233798704,4.0,african_american,0.8136142099520922,0.7195299469664646,2
1020,17,0,0,1,10.835206398820308,9,0,2,0,0,1,0,2.3957840945307,3.0,caucasian,0.542330156996654,0.5296311098976577,1
1021,16,1,0,3,2.621597234094062,2,0,3,0,0,0,1,2.778411299920653,2.0,caucasian,0.13117764338877524,0.3168243503721426,1
1022,15,0,0,2,15.32314203165556,25,0,1,1,0,0,0,0.3468940367050148,4.0,caucasian,0.7669848708190495,0.6118894095733346,1
1023,16,1,1,0,18.648879567547016,29,1,1,0,0,0,0,0.3125462305253549,4.0,african_american,0.9334628855454075,0.7284240198817852,0
1024,18,1,3,4,18.94613798473924,20,0,2,1,0,0,0,1.7701318767799732,4.0,other,0.9483428905430346,0.8138400233801242,1
1025,18,1,0,1,7.380354648223455,15,0,2,0,0,0,0,1.5051556220362858,4.0,caucasian,0.3693890110384606,0.40857230772692243,0
1026,16,1,0,3,2.7103374712150807,5,0,4,0,0,1,0,2.977851918315743,2.0,caucasian,0.13561975535426246,0.3949338287479837,1
1027,16,0,0,1,10.367992532661304,2,0,2,0,1,0,0,2.948717671911921,2.0,caucasian,0.5189426118126567,0.5132598282688596,1
1028,16,1,0,3,2.2521845869844137,8,0,3,0,0,1,0,2.145204720467192,3.0,caucasian,0.11268578002255256,0.3038800460157868,1
1029,18,0,0,0,18.679748370252344,10,0,3,1,0,0,0,2.854803928981318,2.0,caucasian,0.9350080997831224,0.8795056698481856,1
1030,18,0,0,2,3.67159254710292,20,0,3,1,0,0,0,1.519441725815139,4.0,caucasian,0.18373775473106746,0.3536164283117472,1
1031,15,0,2,2,5.055317199023282,12,1,0,0,1,0,0,1.727120309522409,4.0,hispanic,0.2530035132263106,0.17710245925841742,1
1032,15,0,0,3,8.132730537699409,17,0,4,0,0,0,1,1.8475354711387904,4.0,caucasian,0.40705104631821115,0.5849357324227478,1
1033,18,0,0,3,7.663289371182516,25,0,1,0,1,0,0,0.3846169728564877,4.0,caucasian,0.38355200810814694,0.3434864056757028,1
1034,16,0,3,3,15.89325784795778,21,0,0,1,1,0,0,0.94940609779728,4.0,other,0.7955234275264866,0.5568663992685406,2
1035,16,0,0,3,9.126336411019247,27,1,2,1,1,0,0,1.1409594184203395,4.0,caucasian,0.4567884448427755,0.46975191138994277,2
1036,15,0,3,1,3.415365200066738,23,0,1,0,0,0,0,0.2614722600507521,4.0,other,0.170911661393022,0.19463816297511538,0
1037,18,0,0,1,5.344197909721482,26,1,1,0,0,0,0,0.2182848568210317,4.0,caucasian,0.26746415141280677,0.26222490598896475,0
1038,15,0,2,1,10.18226770375044,21,1,1,0,1,0,0,1.0677635510419796,4.0,hispanic,0.5096456963258532,0.43175198742809723,1
1039,15,1,1,1,2.949078348522698,3,1,1,1,1,0,0,3.0189058584279675,1.0,african_american,0.14757052021747574,0.17829936415223302,2
1040,17,1,2,1,12.233113512920282,21,1,3,1,1,0,0,1.5268678317927231,4.0,hispanic,0.6123058537002232,0.6536140975901561,2
1041,17,1,3,2,11.314946131022918,23,1,1,0,0,0,0,1.0582873996898603,4.0,other,0.566344715373714,0.4714413007615998,0
1042,17,0,0,1,14.294046327645152,7,0,2,0,0,0,0,2.625128097732231,2.0,caucasian,0.715470941076198,0.6508296587533386,0
1043,16,1,3,2,18.754092307587356,12,1,4,0,0,0,0,2.8087548220286536,2.0,other,0.9387295693702153,0.9571106985591507,0
1044,18,1,0,1,18.245091222023117,9,0,2,0,1,0,0,2.888891669272444,2.0,caucasian,0.9132502616065069,0.7892751831245548,1
1045,18,1,0,1,18.921512361376628,1,1,3,1,1,0,0,4.0,0.0,caucasian,0.9471101940826063,0.8879771358578243,2
1046,18,0,0,2,4.894311940474019,7,0,4,0,0,1,0,2.515300272256249,2.0,caucasian,0.24494399694923896,0.47146079786446726,1
1047,18,0,1,2,2.6313061327870924,5,0,1,1,0,0,0,2.5637654300150947,2.0,african_american,0.1316636463165925,0.16716455242161474,1
1048,17,0,0,2,6.04553400992897,15,0,2,0,0,0,0,1.7036118032323682,4.0,caucasian,0.3025712638528064,0.36179988469696445,0
1049,16,0,1,2,17.90170345532629,17,0,3,0,0,1,0,2.0998851567205854,3.0,african_american,0.8960611379718056,0.8522427965802639,1
1050,16,1,1,1,19.441069492469765,16,0,4,1,0,0,0,2.4610469629080955,3.0,african_american,0.9731179108034397,0.9811825375624077,1
1051,17,1,2,2,17.18649902140952,5,0,3,0,0,0,0,2.935477191694632,2.0,hispanic,0.8602598118006959,0.827181868260487,0
1052,16,1,2,0,2.200354422550872,12,1,1,1,0,1,0,1.9863780592187463,4.0,hispanic,0.1100912929998345,0.15206390509988416,2
1053,17,1,0,1,18.948559961195865,22,0,4,0,0,1,0,1.5715441913992825,4.0,caucasian,0.9484641285625299,0.9639248899937709,1
1054,18,0,0,2,8.46716054701572,13,0,1,0,1,0,0,1.6643106896610833,4.0,caucasian,0.423791767260573,0.3716542370824011,1
1055,17,0,0,0,0.1862058152470735,29,1,2,1,1,0,0,0.7562591665741925,4.0,caucasian,0.009268104792976873,0.15648767335508382,2
1056,18,0,0,1,8.847874814963872,25,0,2,0,1,0,0,0.8027695392342074,4.0,caucasian,0.44284936119936164,0.45999455283955315,1
1057,18,1,0,4,0.9213833935093518,20,0,2,0,1,1,0,1.3423871779577343,4.0,caucasian,0.046069236084784956,0.18224846525934946,2
1058,15,0,0,4,10.87755842322235,29,0,3,1,0,0,0,0.2865712882866222,4.0,caucasian,0.5444501922868725,0.6061151346008107,1
1059,17,0,0,1,6.771080548741026,9,1,3,0,1,0,0,2.61383869367367,2.0,caucasian,0.33889028965369083,0.46222320275758355,1
1060,15,1,3,0,9.468698671880976,23,0,3,0,1,0,0,0.9290125546259368,4.0,other,0.47392623424749786,0.5567483639732485,1
1061,17,1,1,1,12.26340721486234,10,0,0,1,0,1,0,1.892758695926592,4.0,african_american,0.6138222798473858,0.42967559589317006,2
1062,17,0,0,1,17.376021916356407,12,0,2,0,0,1,0,2.331261549308754,3.0,caucasian,0.8697468488730584,0.7588227942111408,1
1063,15,0,1,3,13.238031529438572,11,0,3,0,1,0,0,2.234238472600233,3.0,african_american,0.6626095095200956,0.6888266566640668,1
1064,15,0,0,1,8.680977369563614,8,0,2,0,1,0,0,2.3858282190764624,3.0,caucasian,0.43449489694195054,0.4541464278593653,1
1065,17,0,0,2,16.388557073407302,3,1,4,0,0,0,0,3.347356743507809,1.0,caucasian,0.8203168548064409,0.8742217983645086,0
1066,16,0,1,1,18.111642751462643,6,1,3,1,0,0,0,3.2618553073332905,1.0,african_american,0.9065701684820742,0.8595991179374518,1
1067,18,0,0,4,2.3951993286439444,23,0,3,0,1,0,0,1.0396238791477144,4.0,caucasian,0.11984473649796178,0.3088913155485732,1
1068,15,1,0,1,10.638659551055827,28,0,0,0,1,0,0,0.0278186247324679,4.0,caucasian,0.532491518600379,0.3727440630202653,1
1069,18,1,3,2,5.690239194848883,21,1,3,0,0,1,0,1.3299645378768772,4.0,other,0.284786103472961,0.4243502724310727,1
1070,16,1,2,1,0.941223957538948,1,0,4,0,0,1,0,3.283916521897384,1.0,hispanic,0.04706240456998624,0.33294368319899037,1
1071,16,0,1,2,13.370933902279706,6,0,2,1,0,0,0,2.937454182316864,2.0,african_american,0.6692622663730454,0.6184835864611318,1
1072,16,1,1,1,17.255415549184512,28,0,3,0,0,1,1,0.7388682028052602,4.0,african_american,0.8637095989838385,0.8295967192886868,2
1073,15,0,1,1,3.258053089547881,8,0,2,1,1,0,0,2.556801662833417,2.0,african_american,0.1630370147713448,0.26412591033994137,2
1074,16,0,0,3,16.24827315247801,4,1,2,0,0,0,0,3.300928568970799,1.0,caucasian,0.8132945963142121,0.7193062174199485,0
1075,15,1,0,3,17.067914670738833,14,0,3,1,0,1,0,2.200682946560561,3.0,caucasian,0.8543237789465643,0.823026645262595,2
1076,16,0,0,3,18.28680885332967,17,0,3,0,1,0,0,1.8558655731681932,4.0,caucasian,0.9153385407818928,0.8657369785473249,1
1077,18,0,0,2,5.305701781721048,3,0,3,0,0,0,0,2.734401494419992,2.0,caucasian,0.26553713255007316,0.41087599278505116,0
1078,18,1,1,3,18.079061303797783,18,1,1,1,1,0,0,2.1317372971872284,3.0,african_american,0.9049392235666622,0.7084574564966635,2
1079,17,1,0,0,6.413255094728645,19,0,1,0,0,0,0,0.9797699107752862,4.0,caucasian,0.3209784518854794,0.29968491631983557,0
1080,18,1,3,1,11.046760269110056,25,0,3,0,1,0,0,0.994325023551287,4.0,other,0.5529200090079536,0.6120440063055674,1
1081,17,0,3,1,1.0101494166456426,6,0,1,0,1,0,0,2.0746999767813343,3.0,other,0.05051263883301853,0.11035884718311297,1
1082,18,1,2,2,0.8776217673748721,25,0,2,0,0,0,0,0.500508035804656,4.0,hispanic,0.043878639694828865,0.1807150477863802,0
1083,15,1,1,1,14.407464254644058,7,0,0,1,1,0,0,2.532438417587673,2.0,african_american,0.7211483558202619,0.5048038490741833,2
1084,18,0,2,1,8.88959955955582,16,0,1,0,1,0,0,1.4633780357856976,4.0,hispanic,0.4449379964478345,0.38645659751348416,1
1085,17,1,0,2,5.125847507384352,12,0,3,1,1,0,0,2.342836773191855,3.0,caucasian,0.2565340821865101,0.404573857530557,2
1086,17,1,2,3,3.808269920498204,23,0,3,0,0,0,0,1.1588463344506037,4.0,hispanic,0.19057947856985527,0.35840563499889866,0
1087,16,1,0,1,13.399069817184362,20,1,1,1,0,1,1,1.5237487447337323,4.0,caucasian,0.6706706791552589,0.5444694754086812,3
1088,15,0,2,1,0.0080308805067974,27,0,1,0,0,1,0,0.0,4.0,hispanic,0.00034911792481781513,0.07524438254737247,1
1089,18,0,0,1,16.117823383937086,22,0,0,1,0,1,0,1.0586220144439875,4.0,caucasian,0.8067646106331908,0.5647352274432336,2
1090,16,0,2,1,1.5849921225985764,10,0,2,0,0,1,1,2.2297401841747666,3.0,hispanic,0.07928781168841952,0.20550146818189366,2
1091,18,0,3,1,3.829792298162389,26,0,1,0,0,0,1,0.1947432807455151,4.0,other,0.19165683439455777,0.2091597840761904,1
1092,18,1,0,2,7.724727905981792,0,0,2,1,1,0,0,3.5069200713692137,0.0,caucasian,0.3866274658647189,0.42063922610530324,2
1093,16,0,0,2,9.697174794322072,1,1,3,0,0,0,0,3.552286943350944,0.0,caucasian,0.48536317142786206,0.5647542199995035,0
1094,16,0,3,2,7.099902316278836,16,1,3,0,1,0,0,2.23849135429023,3.0,other,0.35535027618832676,0.4737451933318287,1
1095,16,1,0,1,6.414243299685878,4,0,1,1,1,0,0,2.7084723438568763,2.0,caucasian,0.32102791892779636,0.29971954324945743,2
1096,16,1,2,3,19.278320241463767,29,0,3,0,0,0,1,0.7329082339013866,4.0,hispanic,0.9649710946721969,0.9004797662705377,1
1097,16,1,1,1,12.831593624867883,29,0,4,0,0,1,0,0.9654824453045304,4.0,african_american,0.6422642553524867,0.7495849787467406,1
1098,18,0,0,2,0.4686591073477641,5,0,2,0,1,0,0,2.5552328599380942,2.0,caucasian,0.023407002650784783,0.16638490185554933,1
1099,16,0,0,3,8.603518168886264,25,0,2,1,0,1,1,0.7443222999212357,4.0,caucasian,0.4306174851462542,0.4514322396023779,3
1100,15,0,0,1,17.500173994879404,24,0,2,0,0,0,0,0.7220565813951911,4.0,caucasian,0.875961588110176,0.7631731116771232,0
1101,17,1,2,1,6.029123728213359,23,1,1,1,1,0,1,1.2712295298373406,4.0,hispanic,0.30174980662966966,0.28622486464076874,3
1102,16,1,0,3,1.8911268954877647,6,0,3,1,0,1,1,2.52614214142023,2.0,caucasian,0.0946121446158631,0.29122850123110416,3
1103,16,0,1,1,15.167695431798355,27,0,3,1,1,0,0,0.9424153953595232,4.0,african_american,0.7592036069457254,0.7564425248620077,2
1104,18,1,0,2,12.120276638721624,20,1,2,0,1,0,0,1.515639098395023,4.0,caucasian,0.6066575249906381,0.5746602674934467,1
1105,16,1,1,0,11.406250156530078,29,0,3,1,0,0,0,0.6482739267081915,4.0,african_american,0.5709151641054364,0.6246406148738055,1
1106,16,1,2,2,1.0715311921481585,14,0,3,0,1,1,1,2.0488500821388604,3.0,hispanic,0.05358525536266261,0.2625096787538638,3
1107,16,0,3,1,2.8099801959103465,18,0,0,1,0,0,1,0.8422959992571388,4.0,other,0.14060761828997861,0.09842533280298503,2
1108,18,1,0,0,12.450987924262275,15,0,1,0,1,0,0,1.4641879236906472,4.0,caucasian,0.6232120960204448,0.5112484672143113,1
1109,16,1,2,2,4.156476829176716,24,1,3,1,1,0,0,1.487946865169799,4.0,hispanic,0.20800983627102684,0.37060688538971875,2
1110,17,0,2,1,10.081401594968488,12,1,4,0,0,0,0,2.587565796370635,2.0,hispanic,0.5045965938750516,0.6532176157125361,0
1111,18,0,1,1,10.89763372058787,4,1,3,0,0,0,0,3.2208069781948727,1.0,african_american,0.545455110929545,0.6068185776506815,0
1112,17,1,3,0,5.670143805418788,2,1,4,0,0,1,0,3.5451594318003106,0.0,other,0.2837801790723217,0.4986461253506252,1
1113,18,1,0,1,18.968503110829857,2,0,2,0,0,0,0,3.0895989530746477,1.0,caucasian,0.9494624322237861,0.8146237025566503,0
1114,16,0,0,1,16.8492821367115,18,1,1,0,1,1,0,1.919956439918208,4.0,caucasian,0.843379586920988,0.6653657108446915,2
1115,17,0,2,0,14.44747015265597,13,1,2,0,0,0,0,2.198593184586961,3.0,hispanic,0.723150949953591,0.6562056649675136,0
1116,18,1,0,3,1.5598773281881817,15,0,0,0,0,0,1,0.8782126167627767,4.0,caucasian,0.07803062856179542,0.05462143999325679,1
1117,15,1,2,0,2.122600386180389,21,0,3,1,0,1,0,1.340368647512407,4.0,hispanic,0.10619912247458306,0.2993393857322081,2
1118,16,1,2,2,9.855626917299114,16,0,4,0,0,0,0,1.8195113357139088,4.0,hispanic,0.49329488419163675,0.6453064189341458,0
1119,18,1,0,1,3.214266983819713,26,0,3,0,1,0,0,0.6193509314675341,4.0,caucasian,0.16084519299480468,0.33759163509636325,1
1120,15,0,2,1,19.56530927058948,3,0,2,1,0,1,1,3.619460869693516,0.0,hispanic,0.9793370400606947,0.8355359280424862,3
1121,18,1,0,3,3.170404680548189,12,1,1,1,1,0,0,2.17490279620988,3.0,caucasian,0.1586495569618453,0.1860546898732917,2
1122,15,1,1,1,9.74935670927948,7,1,1,0,1,1,0,2.974406014911044,2.0,african_american,0.4879752661927006,0.41658268633489043,2
1123,16,0,1,4,7.282421136830108,18,0,2,0,0,0,0,0.9807358437488028,4.0,african_american,0.3644867070003353,0.40514069490023474,0
1124,17,1,3,1,12.78772842908196,4,0,3,0,0,0,0,3.101673809015105,1.0,other,0.6400684745275678,0.6730479321692974,0
1125,15,0,0,2,2.5807281777884983,1,1,2,1,0,1,0,3.4982573417733205,1.0,caucasian,0.12913184173303327,0.24039228921312328,2
1126,18,1,0,2,8.606328560847817,14,0,4,1,0,0,0,2.590553445052984,2.0,caucasian,0.4307581662641455,0.6015307163849017,1
1127,16,1,1,3,5.494100656142873,1,0,3,1,0,0,0,3.5350037581843186,0.0,african_american,0.2749679039960883,0.41747753279726174,1
1128,15,0,2,2,17.75503049343376,10,1,1,0,1,0,0,2.8199217452931866,2.0,hispanic,0.8887190602382546,0.6971033421667782,1
1129,18,0,1,2,0.8117142426939017,12,1,1,1,1,0,0,2.0165967745176614,3.0,african_american,0.040579475600848326,0.10340563292059382,2
1130,18,1,0,1,18.274549880129182,22,1,3,0,0,0,0,1.3711850388917164,4.0,caucasian,0.9147248875699433,0.8653074212989602,0
1131,18,1,0,1,16.65988277106001,9,0,1,0,0,0,0,2.1047955879699045,3.0,caucasian,0.8338987334129133,0.6587291133890393,0
1132,15,1,0,3,5.951414328816309,2,0,3,0,0,0,0,3.030439088696523,1.0,caucasian,0.29785987051848134,0.43350190936293687,0
1133,15,0,2,1,15.785813093542094,4,1,2,0,1,0,0,3.58242187231196,0.0,hispanic,0.7901450147038134,0.7031015102926693,1
1134,15,1,0,1,0.6242712067749512,2,0,1,1,0,0,0,2.4265467060392454,3.0,caucasian,0.031196551014256193,0.09683758570997933,1
1135,17,0,0,2,19.33731100586787,5,1,2,1,0,0,0,3.161436270258364,1.0,caucasian,0.967924023229908,0.8275468162609356,1
1136,15,0,3,1,10.531898851795788,12,0,2,1,0,0,0,2.122638529628868,3.0,other,0.5271473478497414,0.5190031434948189,1
1137,15,1,0,4,6.065620521308905,9,0,3,0,1,0,0,2.204860580997317,3.0,caucasian,0.3035767438406954,0.43750372068848675,1
1138,15,0,3,2,7.251664251893541,18,0,0,1,0,1,1,1.182987500498048,4.0,other,0.36294709508323486,0.2540629665582644,3
1139,17,1,1,2,1.3281070692099473,7,0,3,1,0,0,0,2.7387957163436,2.0,african_american,0.06642879523282594,0.2715001566629781,1
1140,15,1,2,3,19.786990280840783,17,1,3,0,0,0,0,2.2379013009826028,3.0,hispanic,0.9904338311005437,0.9183036817703806,0
1141,18,1,0,0,0.7858389030138491,2,0,3,1,0,0,0,3.139481546380388,1.0,caucasian,0.039284221500421955,0.25249895505029535,1
1142,15,1,0,1,13.09814246295718,23,1,0,1,1,0,0,1.0460447710800969,4.0,caucasian,0.6556070164434724,0.45892491151043063,2
1143,18,1,2,2,8.854718554129166,23,1,3,0,0,0,0,0.8164582452137992,4.0,hispanic,0.44319194148335805,0.5352343590383506,0
1144,18,0,2,1,18.978324363774306,16,0,2,1,0,1,0,2.03354462052118,3.0,hispanic,0.9499540593214365,0.8149678415250056,2
1145,18,0,2,2,4.919994806135904,7,1,2,1,1,0,0,2.432078522782237,3.0,hispanic,0.24622961628682397,0.32236073140077676,2
1146,17,1,0,3,10.641736478760226,9,0,3,1,0,0,0,2.6597713195279016,2.0,caucasian,0.5326455418238466,0.5978518792766926,1
1147,17,1,2,2,9.64712417165506,1,1,2,1,0,0,1,3.588887939765012,0.0,hispanic,0.4828577637679071,0.48800043463753495,2
1148,17,0,2,1,14.057328881002029,11,0,3,0,1,0,0,2.3145876278110027,3.0,hispanic,0.7036214640375127,0.7175350248262589,1
1149,15,0,1,4,1.3602046390484102,22,0,1,1,1,0,1,1.00722582021403,4.0,african_american,0.06803551844732507,0.12262486291312755,3
1150,18,0,2,2,3.875782600467097,5,0,3,1,0,0,0,2.8816123214605245,2.0,hispanic,0.19395899268026887,0.3607712948761882,1
1151,17,0,2,2,4.291296401856997,1,0,1,0,1,1,0,2.804504928911685,2.0,hispanic,0.21475856330190266,0.22533099431133186,2
1152,17,1,1,1,14.763015096833794,20,1,3,0,1,0,0,1.7629211240998668,4.0,african_american,0.7389463322700679,0.7422624325890474,1
1153,15,1,0,3,3.7827739265348015,22,0,4,1,0,0,1,1.11991126295732,4.0,caucasian,0.18930321355714894,0.4325122494900042,2
1154,17,0,0,2,11.469835277819534,23,0,2,0,0,0,0,1.0306575057198797,4.0,caucasian,0.5740980745558746,0.5518686521891122,0
1155,15,1,0,2,4.304876410019074,2,0,2,1,0,0,0,3.0756193536614336,1.0,caucasian,0.21543834418490743,0.3008068409294352,1
1156,16,0,0,3,17.232499001679567,16,1,3,1,1,0,0,2.631434065124418,2.0,caucasian,0.8625624545408892,0.8287937181786224,2
1157,17,1,0,1,18.84370908979277,28,0,0,0,1,1,1,0.5030669073279145,4.0,caucasian,0.943215558967023,0.660250891276916,3
1158,16,0,0,2,10.369859498844807,6,0,2,0,0,0,0,2.784237837142815,2.0,caucasian,0.5190360674207546,0.5133252471945282,0
1159,15,1,0,3,7.046177684183565,28,0,2,0,0,0,0,0.2476267650865634,4.0,caucasian,0.352660956903025,0.3968626698321175,0
1160,18,0,0,1,4.681155500349982,20,0,3,0,0,0,1,1.189548769618786,4.0,caucasian,0.2342739243427801,0.38899174703994605,1
1161,17,0,2,2,0.9956200304608752,4,1,3,1,0,0,1,3.3759940088028397,1.0,hispanic,0.04978533448589894,0.25984973414012924,2
1162,15,1,3,3,5.370001523949908,22,1,3,0,0,0,0,1.293573556445951,4.0,other,0.268755815118422,0.4131290705828954,0
1163,18,0,0,2,13.084715598906358,0,1,3,0,0,1,1,3.7185869042869646,0.0,caucasian,0.6549349015675815,0.683454431097307,2
1164,18,1,3,2,10.672338626184215,7,0,3,1,0,0,0,2.670559614819829,2.0,other,0.5341774079721906,0.5989241855805334,1
1165,16,1,1,3,18.880825565618547,11,1,2,1,0,0,0,2.369648013449619,3.0,african_american,0.9450735159291793,0.8115514611504255,1
1166,15,0,0,3,7.925545249834012,13,0,2,0,1,0,0,1.6244868202221543,4.0,caucasian,0.39667987450080106,0.42767591215056067,1
1167,18,1,0,1,13.87726684656789,15,1,2,1,1,0,0,2.5374768278143587,2.0,caucasian,0.6946080137286177,0.6362256096100324,2
1168,17,1,1,0,9.786454949502428,9,0,4,0,1,0,0,2.298417928509479,3.0,african_american,0.4898323103266726,0.6428826172286708,1
1169,17,1,2,2,10.251524318484233,14,0,3,1,0,0,0,2.2598041504961186,3.0,hispanic,0.5131125074025304,0.5841787551817712,1
1170,16,1,2,2,5.35548629208235,20,0,2,0,1,0,0,1.3213433008698847,4.0,hispanic,0.26802921930064466,0.3376204535104512,1
1171,18,1,0,2,9.099015536839994,23,0,3,0,1,0,0,0.9499742281238568,4.0,caucasian,0.45542083093913305,0.543794581657393,1
1172,15,0,0,2,9.415699940254145,25,0,2,1,0,0,1,0.818786616073051,4.0,caucasian,0.4712732517048196,0.4798912761933737,2
1173,17,1,0,1,14.132850434978678,14,1,3,0,0,0,0,2.3392245127535936,3.0,caucasian,0.7074018821370763,0.7201813174959534,0
1174,18,1,0,2,18.81279998372228,9,0,2,0,1,0,0,2.6827762879633723,2.0,caucasian,0.9416683272447209,0.8091678290713047,1
1175,18,1,0,1,6.586425549650086,20,1,1,1,0,0,0,1.543837471085622,4.0,caucasian,0.3296469271435109,0.3057528490004576,1
1176,16,1,0,2,0.8440093716259689,27,0,3,1,0,0,0,0.1969011048236224,4.0,caucasian,0.04219608812421186,0.2545372616869483,1
1177,17,1,2,2,9.925902510012794,6,0,3,0,0,0,0,2.748610257448085,2.0,hispanic,0.49681270273036143,0.572768891911253,0
1178,17,0,3,1,10.889226642983372,25,1,2,1,0,1,0,1.1048937876999445,4.0,other,0.5450342738748638,0.5315239917124046,2
1179,15,1,0,1,3.368811022638305,2,0,2,1,0,0,0,2.553439811443938,2.0,caucasian,0.1685812769438996,0.26800689386072973,1
1180,17,0,3,2,15.209292125521332,1,0,3,1,0,0,1,3.2742334588098787,1.0,other,0.761285832291366,0.7579000826039561,2
1181,15,0,0,2,19.698582168829837,5,1,3,0,0,0,0,3.1860603780389143,1.0,caucasian,0.9860083444785688,0.915205841134998,0
1182,17,0,0,1,18.915494340169214,20,0,3,1,0,0,0,1.722115750240589,4.0,caucasian,0.9468089471524505,0.8877662630067152,1
1183,16,0,0,4,3.942120776473044,8,0,2,1,1,0,0,2.3380463575903736,3.0,caucasian,0.19727971409103934,0.2880957998637275,2
1184,17,1,1,2,17.507264798015214,9,1,4,1,1,0,0,3.273998748434336,1.0,african_american,0.8763165357920437,0.9134215750544306,2
1185,15,0,3,4,14.089872728233694,3,0,3,0,0,0,0,2.993502391205279,2.0,other,0.7052505267702798,0.7186753687391958,0
1186,15,0,1,2,9.076931276138232,26,1,3,1,0,0,0,0.8963978990233954,4.0,african_american,0.4543153486698165,0.5430207440688715,1
1187,16,1,0,2,10.812219886494582,2,0,3,0,0,0,0,2.9610552588035977,2.0,caucasian,0.5411795102916235,0.6038256572041364,0
1188,17,1,1,3,16.99200349964916,8,0,1,1,0,0,0,2.6743510954520984,2.0,african_american,0.8505238575991408,0.6703667003193985,1
1189,17,1,0,2,9.602698792767464,23,0,0,1,1,0,0,1.2178731513333656,4.0,caucasian,0.48063394159286865,0.336443759115008,2
1190,16,0,2,2,7.464147382102537,21,1,3,0,0,0,0,1.36559111032951,4.0,hispanic,0.37358346349724264,0.4865084244480698,0
1191,17,1,1,1,9.864949860519715,16,0,2,0,0,0,1,1.5222748446854282,4.0,african_american,0.49376156716406683,0.4956330970148467,1
1192,17,1,0,2,11.582596080700982,13,1,3,0,0,0,0,2.2314023973705024,3.0,caucasian,0.5797425953276023,0.6308198167293215,0
1193,15,0,1,1,3.781553075566977,9,0,2,1,0,0,0,2.135266354890094,3.0,african_american,0.1892421008435909,0.28246947059051364,1
1194,17,1,1,1,18.018154605339813,12,0,2,0,0,0,0,2.255698914963147,3.0,african_american,0.9018903881930369,0.7813232717351258,0
1195,17,1,0,0,13.483738976592276,11,1,1,1,0,1,0,2.751145787611705,2.0,caucasian,0.674909003260712,0.5474363022824984,2
1196,16,1,1,0,12.665378346749778,26,0,3,1,1,0,0,0.8976341586164038,4.0,african_american,0.6339439386649358,0.668760757065455,2
1197,16,1,0,4,1.9899245236127627,0,0,1,1,0,0,1,3.117354434785501,1.0,caucasian,0.09955770415338504,0.1446903929073695,2
1198,18,0,2,1,12.083478763451836,27,0,3,1,0,1,0,1.2875951312580094,4.0,hispanic,0.604815516367002,0.6483708614569014,2
1199,15,1,2,2,2.4192132447698467,21,0,2,0,0,0,0,0.5710530980330257,4.0,hispanic,0.12104681244030575,0.23473276870821402,0
1200,17,1,2,3,1.573953503907981,28,0,3,1,0,0,0,0.5813557994949716,4.0,hispanic,0.07873524633859885,0.28011467243701915,1
1201,17,0,1,2,10.546217912847863,18,0,1,0,0,1,0,1.6434624040739565,4.0,african_american,0.5278641238523479,0.44450488669664356,1
1202,18,1,1,1,8.055710680929899,18,0,1,0,0,0,0,1.2348440407820207,4.0,african_american,0.40319562696803096,0.35723693887762165,0
1203,17,0,0,2,11.776205403124465,5,0,3,0,1,0,1,2.968093619579765,2.0,caucasian,0.5894341886303603,0.6376039320412522,2
1204,15,1,2,2,1.784443361144772,12,0,2,1,0,0,0,2.009298479722319,3.0,hispanic,0.08927183654592637,0.21249028558214844,1
1205,18,0,0,2,8.619661256945168,18,0,1,1,0,0,0,1.146086034129592,4.0,caucasian,0.43142556733030984,0.3769978971312169,1
1206,15,0,0,2,3.4957343009031594,12,1,4,0,0,0,0,2.1923631978552875,3.0,caucasian,0.17493473543545499,0.4224543148048185,0
1207,18,0,0,4,19.74200171848233,26,1,1,1,0,0,0,0.94573087329995,4.0,caucasian,0.9881818173844883,0.7667272721691417,1
1208,18,0,0,2,11.223004248703488,25,0,2,1,0,0,0,0.5672500284902902,4.0,caucasian,0.561742337142252,0.5432196359995763,1
1209,16,1,1,1,13.748737218817348,21,0,1,0,0,0,0,0.9707643470928292,4.0,african_american,0.6881741454421078,0.5567219018094753,0
1210,15,0,0,2,6.508365613652156,20,1,2,1,0,1,1,1.6560601255004677,4.0,caucasian,0.32573944405611854,0.378017610839283,3
1211,17,1,2,0,1.894778295586883,3,0,2,0,0,1,0,2.8393132491560324,2.0,hispanic,0.09479492447534167,0.21635644713273916,1
1212,17,0,0,3,19.517417255670733,23,0,1,0,0,1,1,0.189818059909026,4.0,caucasian,0.9769396868483999,0.7588577807938799,2
1213,15,0,0,1,5.7251807076636645,1,0,3,1,0,0,0,3.25829468502287,1.0,caucasian,0.2865351872843452,0.4255746310990416,1
1214,17,0,1,1,8.476163703471485,14,1,2,0,0,0,0,1.9200558526588956,4.0,african_american,0.42424244251586635,0.4469697097611064,0
1215,17,1,0,3,12.9972784340515,11,0,3,0,0,0,0,2.0217714943693785,3.0,caucasian,0.6505580181060199,0.6803906126742139,0
1216,15,0,0,2,0.4939459537222257,29,1,1,1,0,0,0,0.1259330746249498,4.0,caucasian,0.024672798263841892,0.09227095878468933,1
1217,18,1,2,1,16.205182610345737,26,1,2,1,0,0,0,1.2870134123902284,4.0,hispanic,0.8111375926931369,0.7177963148851958,1
1218,15,1,0,2,10.731563800572406,6,0,0,1,0,1,0,2.591426703229313,2.0,caucasian,0.5371420705011972,0.375999449350838,2
1219,18,1,2,3,5.564343741376443,19,1,3,0,0,0,0,1.4633796485356,4.0,hispanic,0.27848409529252643,0.41993886670476843,0
1220,17,1,0,1,1.232159705849385,17,0,3,0,0,0,0,1.465549386433812,4.0,caucasian,0.06162591274492289,0.268138138921446,0
1221,17,1,0,3,3.2499683094888288,22,0,3,1,1,0,1,1.710466837709535,4.0,caucasian,0.1626323111171313,0.3388426177819919,3
1222,17,1,2,0,17.900677177068737,12,0,2,0,1,0,1,2.288505685252231,3.0,hispanic,0.8960097650763108,0.7772068355534175,2
1223,16,1,0,2,13.72048447871782,16,0,3,0,0,1,0,1.9609688486532324,4.0,caucasian,0.6867598846859327,0.7057319192801529,1
1224,18,1,0,3,4.998034432737796,3,0,3,0,0,0,0,2.6216233262773407,2.0,caucasian,0.2501360827371859,0.40009525791603007,0
1225,16,1,0,1,1.3120152989005909,24,0,0,1,0,0,0,0.7683163859836675,4.0,caucasian,0.065623281885599,0.0459362973199193,1
1226,16,0,0,2,13.812306247732726,13,0,1,0,0,1,0,1.8064063454058108,4.0,caucasian,0.6913562503489755,0.5589493752442828,1
1227,15,0,2,1,11.448154519355302,19,0,2,0,0,0,0,0.88186635307777,4.0,hispanic,0.573012790588654,0.5511089534120578,0
1228,16,0,0,2,8.090390489164701,27,0,3,0,1,0,0,0.8170682206563473,4.0,caucasian,0.40493161050964055,0.5084521273567484,1
1229,15,0,2,2,7.272228983801277,12,1,0,0,0,0,0,1.4461325277019692,4.0,hispanic,0.3639765135819686,0.254783559507378,0
1230,15,0,2,2,4.336285518582166,2,0,3,0,1,0,0,3.339094362200312,1.0,hispanic,0.21701060476815473,0.37690742333770827,1
1231,16,1,0,1,13.392225130750353,25,0,2,0,0,0,0,0.8196254779474454,4.0,caucasian,0.670328051453385,0.6192296360173695,0
1232,18,1,3,1,19.41336055587741,25,0,2,0,0,0,0,0.6768179731112823,4.0,other,0.9717308714762857,0.8302116100333999,0
1233,18,1,0,0,3.514304916736517,17,0,1,0,1,0,1,1.3895448744649723,4.0,caucasian,0.1758643335239447,0.19810503346676128,2
1234,18,1,3,1,11.942332400310068,13,0,2,0,1,0,1,1.9915084140251773,4.0,other,0.5977500861975739,0.5684250603383016,2
1235,18,1,0,2,8.483701114919524,14,0,0,0,1,0,0,1.6398675504146123,4.0,caucasian,0.4246197462809721,0.29723382239668045,1
1236,18,1,1,3,8.933774434893298,2,0,0,0,1,0,0,2.511743020605421,2.0,african_american,0.4471492790483408,0.3130044953338385,1
1237,16,1,0,2,5.082945602556288,0,0,3,0,0,1,0,2.9839199495864985,2.0,caucasian,0.2543865212720735,0.40307056489045145,1
1238,16,0,0,2,16.50269751322838,25,1,2,0,0,1,0,1.25865485443205,4.0,caucasian,0.8260304367161189,0.7282213057012832,1
1239,17,0,1,4,9.705112082944822,23,1,2,0,0,0,0,1.4179299273727557,4.0,african_american,0.4857604920335819,0.4900323444235073,0
1240,18,0,2,2,10.86811704396528,16,0,1,1,0,1,0,1.5970165723817666,4.0,hispanic,0.5439775807058223,0.4557843064940756,2
1241,16,0,0,3,6.095218255946515,2,1,2,0,1,0,0,3.08869986818596,1.0,caucasian,0.30505833162376317,0.36354083213663424,1
1242,17,1,0,2,3.636169313338995,13,0,0,1,1,0,0,1.6413414427787147,4.0,caucasian,0.18196455718659402,0.12737519003061581,2
1243,18,1,2,1,1.7182077640564095,2,0,2,0,1,0,0,2.5868706562634283,2.0,hispanic,0.08595624997648597,0.21016937498354016,1
1244,15,1,1,0,14.282382818498318,12,1,2,0,0,0,0,2.389032645212185,3.0,african_american,0.7148870952896461,0.6504209667027523,0
1245,17,0,3,2,3.924685633757112,14,0,2,1,0,0,0,1.8981464002812247,4.0,other,0.1964069549167225,0.28748486844170573,1
1246,16,1,2,1,13.801507083775954,17,0,4,0,1,0,0,2.1104879749817496,3.0,hispanic,0.6908156714978708,0.7835709700485095,1
1247,15,1,3,1,7.807528920939077,13,0,2,0,0,0,0,1.7002735894049137,4.0,other,0.39077227538099996,0.4235405927667,0
1248,15,1,2,2,8.315496019793029,20,0,2,1,0,0,0,1.0444999950877136,4.0,hispanic,0.4161998243835542,0.4413398770684879,1
1249,15,0,0,2,9.383549921855431,25,0,2,0,1,0,0,1.1941661337644758,4.0,caucasian,0.46966390304796624,0.4787647321335763,1
1250,17,1,0,2,7.354170162550863,2,0,1,0,0,1,0,2.6491368281965504,2.0,caucasian,0.36807828187106245,0.33265479730974373,1
1251,16,0,2,1,2.0123995444518017,18,0,3,0,1,0,0,1.2341413889277302,4.0,hispanic,0.1006827468874665,0.29547792282122654,1
1252,15,0,1,1,6.192636200056915,7,0,2,1,0,0,0,2.127408865912826,3.0,african_american,0.3099348276668809,0.36695437936681663,1
1253,18,0,0,2,13.274687213878767,3,1,1,1,0,0,0,2.913887649138132,2.0,caucasian,0.6644444004302118,0.5401110803011482,1
1254,15,0,0,4,13.31568802937742,3,0,3,0,0,0,1,3.119393913150377,1.0,caucasian,0.6664967976181179,0.6915477583326824,1
1255,15,1,3,2,5.724486144799887,18,1,0,0,0,0,0,1.0363787383257312,4.0,other,0.2865004192230005,0.20055029345610034,0
1256,17,0,1,3,9.20205253115376,10,0,4,1,0,0,1,2.403284547023526,3.0,african_american,0.46057860243240534,0.6224050217026837,2
1257,17,0,0,2,3.8689445602387496,0,1,3,0,0,0,0,3.1565080639094454,1.0,caucasian,0.19361669767065107,0.3605316883694557,0
1258,16,1,0,2,4.207441630596716,7,1,2,0,1,1,0,2.723471858740064,2.0,caucasian,0.210561005408627,0.2973927037860389,2
1259,18,1,0,1,0.4609417681321481,14,0,1,1,1,0,0,1.5309511463109082,4.0,caucasian,0.023020692156429656,0.09111448450950076,2
1260,17,0,0,2,17.934930998154893,0,0,1,0,0,0,0,3.468581349135728,1.0,caucasian,0.8977244247780081,0.7034070973446056,0
1261,15,1,0,2,4.214133301498125,6,0,1,1,0,0,0,2.3020320443414053,3.0,caucasian,0.21089597353970954,0.22262718147779664,1
1262,16,0,0,2,4.550677538729266,20,1,1,1,0,0,0,1.265677909199434,4.0,caucasian,0.2277425273874469,0.23441976917121282,1
1263,15,0,2,2,5.592028652902636,19,0,2,1,1,0,1,1.479602227739032,4.0,hispanic,0.2798699319855955,0.3459089523899168,3
1264,15,0,0,2,2.54816143390858,19,0,4,0,0,1,1,1.4450767191993792,4.0,caucasian,0.12750163285192945,0.3892511429963506,2
1265,17,0,2,1,12.785257663627256,23,0,2,0,0,0,0,0.8094338103684621,4.0,hispanic,0.6399447942541503,0.5979613559779051,0
1266,16,1,2,2,1.5028590635517314,10,1,3,0,0,0,0,2.1502332699887816,3.0,hispanic,0.07517643835665225,0.27762350684965653,0
1267,18,0,0,1,2.6840485265270053,26,0,3,0,0,0,0,0.5591437155118445,4.0,caucasian,0.13430379723258565,0.31901265806280993,0
1268,18,1,1,3,12.895134531801858,28,0,3,0,0,0,0,0.5807884851770568,4.0,african_american,0.6454449525440481,0.6768114667808336,0
1269,17,1,0,1,6.793212409628855,13,0,0,0,1,1,1,1.602089195984674,4.0,caucasian,0.33999815466800504,0.2379987082676035,3
1270,17,1,2,0,14.158956534023782,21,1,2,0,1,0,0,1.0027983635819373,4.0,hispanic,0.7087086874680368,0.6460960812276257,1
1271,16,1,0,2,11.14849489340284,15,0,3,0,0,0,0,1.6630634531990602,4.0,caucasian,0.558012587149919,0.6156088110049432,0
1272,18,0,1,2,5.120423461230262,13,0,3,0,0,0,1,1.5315464597195698,4.0,african_american,0.25626256814615905,0.4043837977023113,1
1273,18,1,1,2,13.016559009786562,11,0,4,0,0,0,0,2.205842147030335,3.0,african_american,0.6515231549926546,0.7560662084948582,0
1274,18,0,0,1,2.325473605857613,16,0,3,0,0,0,1,1.155338560965664,4.0,caucasian,0.11635444305791814,0.3064481101405427,1
1275,15,1,0,2,10.728207661600608,13,1,1,0,0,0,0,2.153758339869399,3.0,caucasian,0.5369740706674337,0.4508818494672036,0
1276,18,1,1,1,8.742962100900693,9,0,2,1,0,0,1,2.592786686317039,2.0,african_american,0.4375976959166079,0.45631838714162554,2
1277,15,0,2,3,5.357471656348816,23,0,0,1,1,0,0,0.9123305070955544,4.0,hispanic,0.26812860161750607,0.18769002113225425,2
1278,16,0,0,3,12.080099954790002,28,1,3,0,0,0,0,0.6956309334599464,4.0,caucasian,0.6046463817458565,0.6482524672220995,0
1279,15,0,1,2,17.42667184680565,13,1,2,0,0,0,0,2.139619891368985,3.0,african_american,0.872282256365748,0.7605975794560236,0
1280,16,1,0,1,19.97809399526153,17,0,3,0,0,0,0,1.5504493308923313,4.0,caucasian,1.0,0.9249999999999999,0
1281,18,1,2,2,12.15525537486849,21,0,4,0,0,0,1,1.5475367003506038,4.0,hispanic,0.6084084721079387,0.725885930475557,1
1282,18,0,0,0,8.094117486583404,8,1,3,0,0,1,0,2.966548034294946,2.0,caucasian,0.4051181745798535,0.5085827222058974,1
1283,16,0,2,2,4.5041420043240326,16,0,2,1,0,0,1,1.6336793710032238,4.0,hispanic,0.22541307616094272,0.3077891533126599,2
1284,17,0,0,1,5.141921787902235,5,1,1,0,0,0,0,2.3325403195354064,3.0,caucasian,0.25733872003898406,0.25513710402728884,0
1285,16,0,0,3,9.589099562995314,7,1,3,1,1,1,0,3.270262309404739,1.0,caucasian,0.47995319852464924,0.5609672389672544,3
1286,17,1,0,0,7.345554025614184,25,0,1,0,0,0,0,0.3464705925902769,4.0,caucasian,0.3676469798346423,0.3323528858842496,0
1287,15,0,0,2,18.276290452498884,12,1,1,0,0,0,0,1.8949043363401072,4.0,caucasian,0.9148120162232024,0.7153684113562416,0
1288,15,0,1,2,7.365909353114191,17,0,1,0,0,0,0,1.4567426010872695,4.0,african_american,0.3686659160780274,0.3330661412546192,0
1289,15,0,0,2,7.468891822908709,4,0,2,1,0,0,0,2.5537231512721896,2.0,caucasian,0.3738209582116855,0.41167467074817987,1
1290,18,0,2,0,7.67069024867954,5,0,1,0,0,0,0,2.224197461212005,3.0,hispanic,0.3839224773287757,0.343745734130143,0
1291,15,1,0,4,16.732404207353163,20,1,4,0,1,1,0,1.8476004181084256,4.0,caucasian,0.8375289732045066,0.8862702812431547,2
1292,17,0,0,2,13.015766416938035,18,0,4,1,0,0,0,1.849760707133483,4.0,caucasian,0.6514834797980593,0.7560384358586415,1
1293,15,1,0,2,12.283377006377854,3,0,4,0,0,1,0,3.268794215560215,1.0,caucasian,0.6148219171338895,0.7303753419937226,1
1294,16,0,0,1,6.682860447677244,6,1,0,0,0,0,1,2.546516637246023,2.0,caucasian,0.33447421438450387,0.2341319500691527,1
1295,16,0,0,2,16.35808353664879,3,0,4,0,0,0,0,3.1012292205041274,1.0,caucasian,0.818791426582927,0.8731539986080488,0
1296,18,1,0,2,0.7672772271140227,24,0,4,0,0,1,0,0.6559540779626771,4.0,caucasian,0.03835507092240772,0.3268485496456854,1
1297,16,0,0,0,17.415943446762263,10,1,4,0,1,0,0,3.088512305616677,1.0,caucasian,0.8717452197772805,0.9102216538440964,1
1298,17,1,0,1,10.254997995878592,11,1,3,0,0,0,0,1.992559805482,4.0,caucasian,0.5132863909126306,0.5843004736388414,0
1299,15,1,1,3,7.965004697268256,13,1,3,0,1,0,0,2.605247445547851,2.0,african_american,0.3986551146994511,0.5040585802896157,1
1300,18,0,1,1,9.943345614353714,12,1,1,0,0,0,0,1.7339724542334658,4.0,african_american,0.4976858604435009,0.4233801023104506,0
1301,15,1,0,1,13.348310610676622,28,0,3,1,0,0,0,1.11384878785912,4.0,caucasian,0.6681298015792932,0.6926908611055052,1
1302,15,1,0,2,0.2553085303579472,9,0,0,1,0,0,0,1.6492502516618042,4.0,caucasian,0.012727212043536171,0.00890904843047532,1
1303,17,1,3,2,17.431037129164956,17,0,2,0,0,0,0,1.3375549802098765,4.0,other,0.8725007713667228,0.7607505399567059,0
1304,16,1,1,0,8.934790506227856,15,0,4,0,0,0,0,1.9846599185571745,4.0,african_american,0.44720014101107,0.6130400987077489,0
1305,16,1,1,2,6.859330394001564,4,0,2,0,1,1,0,3.060881655966949,1.0,african_american,0.3433078538421843,0.390315497689529,2
1306,15,1,0,1,2.764911312681142,7,1,1,0,0,0,0,2.3928973584250004,3.0,caucasian,0.1383515839141568,0.17184610873990974,0
1307,18,1,2,0,8.789307487168843,13,0,4,0,0,0,0,2.0837969900967988,3.0,hispanic,0.43991762880799884,0.6079423401655992,0
1308,16,1,2,0,9.926455425687577,4,0,4,0,1,0,1,3.64573804877044,0.0,hispanic,0.49684038029146044,0.6477882662040223,2
1309,18,0,1,3,8.072933889869557,25,0,1,1,0,0,0,0.322286081625407,4.0,african_american,0.4040577772732032,0.3578404440912422,1
1310,16,0,3,1,13.573201876537942,27,0,3,0,1,0,0,1.129514334361546,4.0,other,0.6793872899005581,0.7005711029303906,1
1311,18,1,0,0,8.41793057518452,23,0,2,1,0,0,0,0.6307569438666114,4.0,caucasian,0.4213274393071358,0.444929207514995,1
1312,17,0,0,2,19.228351556931468,7,0,2,0,0,1,1,3.157229638804093,1.0,caucasian,0.9624697886281542,0.8237288520397079,2
1313,18,1,2,3,11.985550356471837,24,0,1,0,0,0,0,0.680087787496653,4.0,hispanic,0.5999134678429067,0.49493942749003467,0
1314,17,1,2,1,16.14955871303818,25,0,0,0,0,0,0,0.7963598478866475,4.0,hispanic,0.8083532009919971,0.565847240694398,0
1315,17,0,0,2,2.187118062189577,5,1,1,0,1,0,0,2.844039214925591,2.0,caucasian,0.10942871425711348,0.15160009997997942,1
1316,18,1,0,0,7.945825858918114,15,1,0,0,1,0,0,1.253451854215859,4.0,caucasian,0.3976950705291484,0.27838654937040386,1
1317,17,1,0,2,6.736954028943054,27,0,4,0,0,0,0,0.534508880538856,4.0,caucasian,0.3371820023327062,0.5360274016328943,0
1318,15,1,0,2,11.389647762731837,3,1,3,1,0,0,0,3.191046118219917,1.0,caucasian,0.5700840902370364,0.6240588631659254,1
1319,17,1,2,2,17.222270401228513,11,0,3,0,0,1,0,2.81542127530912,2.0,hispanic,0.8620504366566926,0.8284353056596847,1
1320,16,0,1,1,1.5667643552401334,10,0,3,0,0,0,0,2.1571223032650955,3.0,african_american,0.078375375727981,0.2798627630095867,0
1321,18,1,0,1,1.4514959608942155,2,0,1,1,0,0,0,2.7238280604010647,2.0,caucasian,0.07260533126587056,0.12582373188610937,1
1322,15,1,0,1,17.00635416315198,11,0,4,1,0,0,0,2.627693905554347,2.0,caucasian,0.8512422155405515,0.895869550878386,1
1323,18,1,0,1,4.257001720767148,29,1,3,1,1,0,0,0.9124156208354256,4.0,caucasian,0.21304185825170055,0.37412930077619033,2
1324,16,0,0,0,13.375065088996276,4,0,2,0,0,0,0,2.609623081817451,2.0,caucasian,0.669469063137858,0.6186283441965006,0
1325,16,1,1,2,10.857562647216104,5,1,1,0,1,0,0,2.981992255406158,2.0,african_american,0.5434492542824426,0.45541447799770984,1
1326,16,0,3,4,16.657871897744588,18,0,3,0,0,0,0,1.625082773696198,4.0,other,0.8337980741775394,0.8086586519242775,0
1327,17,0,2,4,2.5017781967280706,17,0,3,0,1,0,0,1.3616984178594074,4.0,hispanic,0.12517980523953995,0.3126258636676779,1
1328,17,1,0,3,2.595659314452225,15,1,3,0,0,0,0,1.9169618961294344,4.0,caucasian,0.12987925669364256,0.3159154796855498,0
1329,18,1,2,2,11.13636720556615,22,0,0,0,0,0,0,1.011253194616751,4.0,hispanic,0.557405505751437,0.39018385402600586,0
1330,18,0,2,2,18.92757306716742,10,0,1,1,1,0,0,2.3321590405051187,3.0,hispanic,0.947413577695114,0.7381895043865797,2
1331,15,1,2,1,8.299955167415085,4,0,2,1,1,1,0,3.387938347765993,1.0,hispanic,0.4154218885954427,0.4407953220168098,3
1332,15,0,0,2,6.538842005093899,8,0,3,0,1,0,0,2.384690791358408,3.0,caucasian,0.32726501517785916,0.45408551062450137,1
1333,18,0,0,2,12.133786463957716,2,0,0,0,0,0,0,2.7808169956104924,2.0,caucasian,0.6073337926937663,0.42513365488563637,0
1334,17,1,0,2,18.608972010900622,29,0,2,0,1,0,1,0.5348357535394734,4.0,caucasian,0.9314652141322631,0.8020256498925842,2
1335,16,1,0,2,16.738556656892474,7,0,2,0,0,0,0,2.542214348782037,2.0,caucasian,0.8378369492771686,0.736485864494018,0
1336,18,0,0,1,19.9096722146644,5,0,3,0,0,0,0,3.0071290674312805,1.0,caucasian,0.9965749786100305,0.9226024850270214,0
1337,15,0,0,1,0.4513716640475418,3,0,2,1,0,0,0,2.9858098143768106,2.0,caucasian,0.022541636935885078,0.16577914585511955,1
1338,17,0,0,3,2.2571628942552446,11,0,2,0,1,0,0,1.9493060573283008,4.0,caucasian,0.11293498150108221,0.22905448705075754,1
1339,18,0,2,0,12.18935526733244,11,0,3,0,0,0,0,2.1478451963634986,3.0,hispanic,0.6101154265318869,0.6520807985723207,0
1340,18,1,0,2,16.411528786676996,24,0,4,0,0,0,1,1.1757680252358405,4.0,caucasian,0.8214667607081333,0.8750267324956933,1
1341,17,1,0,3,5.704886846135331,20,0,1,1,0,0,0,1.4003632540944204,4.0,caucasian,0.28551932787213724,0.27486352951049603,1
1342,18,1,3,2,4.784221760684375,15,0,1,1,0,1,0,1.7555440233413917,4.0,other,0.2394331608190706,0.24260321257334938,2
1343,17,1,3,2,15.739515987624015,9,0,4,1,0,1,0,2.900096239205548,2.0,other,0.7878274986047109,0.8514792490232976,2
1344,16,1,2,1,1.1276370770646316,21,0,2,0,0,0,0,1.0334594906901564,4.0,hispanic,0.05639377414520576,0.189475641901644,0
1345,17,0,3,1,7.387652951651702,13,0,3,0,0,0,1,1.907742363387151,4.0,other,0.3697543456604784,0.4838280419623348,1
1346,17,1,1,3,10.116184451846594,12,0,3,0,0,0,0,1.880909289765476,4.0,african_american,0.5063377357712734,0.5794364150398914,0
1347,17,1,3,2,11.206973487006469,8,0,1,0,1,1,0,2.614950353949793,2.0,other,0.5609398777319499,0.4676579144123649,2
1348,18,1,0,2,14.572303135855538,6,0,3,1,0,1,0,3.1071355935726115,1.0,caucasian,0.7293997735577249,0.7355798414904073,2
1349,18,1,0,0,7.096914468613164,11,0,3,0,0,0,0,1.3864645615000095,4.0,caucasian,0.3552007120864342,0.47364049846050393,0
1350,17,1,0,0,12.253686893492144,4,0,2,0,0,0,0,2.8337600718448117,2.0,caucasian,0.6133357051292222,0.5793349935904555,0
1351,18,0,0,4,11.707508455819127,17,0,0,0,0,1,0,1.0861513973549914,4.0,caucasian,0.5859953930905047,0.4101967751633533,1
1352,15,0,0,1,10.952322013074944,3,0,4,0,0,0,0,2.874037360035303,2.0,caucasian,0.5481926686182584,0.6837348680327808,0
1353,15,0,1,2,12.809665862844245,1,0,2,0,1,0,0,2.8956713046591838,2.0,african_american,0.641166607011422,0.5988166249079954,1
1354,18,1,2,0,5.188983421361526,2,1,3,0,0,0,0,3.1813076022771107,1.0,hispanic,0.25969450645433695,0.4067861545180358,0
1355,18,0,1,2,1.6929750716925795,25,0,3,0,0,0,0,0.4712831088434319,4.0,african_american,0.08469316517631836,0.28428521562342285,0
1356,17,0,0,3,2.3854334407948685,11,1,2,0,0,0,0,2.2113795279733512,3.0,caucasian,0.11935588083704185,0.23354911658592928,0
1357,16,1,2,2,4.491647653078021,2,1,3,1,1,0,0,3.375252255246081,1.0,hispanic,0.22478764051898903,0.3823513483632923,2
1358,18,1,1,1,10.003958710455706,3,0,4,0,1,0,0,3.203858190796927,1.0,african_american,0.5007199988253118,0.6505039991777182,1
1359,15,1,0,2,16.808855010920404,5,0,2,0,0,1,0,3.3501791105924874,1.0,caucasian,0.8413559071897518,0.7389491350328262,1
1360,17,0,1,2,14.025866841767682,11,0,2,0,0,0,0,1.7257915297427142,4.0,african_american,0.7020465538786529,0.641432587715057,0
1361,18,0,0,2,15.780812084040942,18,0,4,1,0,0,0,2.2166038146961022,3.0,caucasian,0.7898946768090173,0.8529262737663121,1
1362,15,1,0,3,7.019512478521827,9,0,1,1,0,0,1,2.0046273170074884,3.0,caucasian,0.351326164108065,0.3209283148756455,2
1363,15,1,3,2,8.093074832971004,29,1,0,0,0,0,0,0.7157420455446748,4.0,other,0.4050659819754864,0.28354618738284043,0
1364,16,0,0,3,7.873637719812256,0,1,4,0,0,1,0,3.8806400848697424,0.0,caucasian,0.3940815147522906,0.5758570603266033,1
1365,17,0,0,2,3.8374636880900304,16,0,3,1,0,1,0,1.689528158418944,4.0,caucasian,0.1920408447837009,0.3594285913485906,2
1366,17,1,2,1,1.2243331628714405,15,0,4,1,1,0,1,1.7579788035014272,4.0,hispanic,0.061234135786255146,0.3428638950503786,3
1367,16,1,2,1,11.818321856544536,8,0,0,0,0,0,0,2.136399546240388,3.0,hispanic,0.5915424318326638,0.4140797022828646,0
1368,16,0,0,1,19.784333668411723,24,1,1,0,1,0,0,0.911568270646688,4.0,caucasian,0.9903008477973473,0.768210593458143,1
1369,17,1,0,3,3.3365940990052567,20,1,1,0,0,0,0,1.1378011102056016,4.0,caucasian,0.16696857918012886,0.19187800542609018,0
1370,17,0,0,2,0.9336963979854752,8,1,3,1,0,0,1,2.34926492736688,3.0,caucasian,0.0466855939658203,0.2576799157760742,2
1371,18,0,1,2,15.59063363647866,26,0,3,0,0,0,0,0.6237474365472879,4.0,african_american,0.7803748244297396,0.7712623771008177,0
1372,18,0,0,1,5.051720133694484,22,0,2,0,0,1,0,0.3410294459251265,4.0,caucasian,0.2528234532280947,0.32697641725966625,1
1373,16,0,0,1,16.59287610705857,8,0,0,0,0,0,0,2.223813666751698,3.0,caucasian,0.8305445491827962,0.5813811844279573,0
1374,18,1,3,2,14.078733340690308,11,0,3,0,0,0,1,2.328240384630152,3.0,other,0.7046929171863975,0.7182850420304782,1
1375,15,1,1,2,18.91347074101609,22,1,2,1,0,0,0,1.6230778220088506,4.0,african_american,0.9467076508938076,0.8126953556256653,1
1376,18,0,0,1,8.178544715133441,8,1,1,1,0,0,0,2.200896321528595,3.0,caucasian,0.4093443882380793,0.3615410717666555,1
1377,18,0,1,2,13.239396789012684,14,0,4,0,1,0,0,2.5841106550638626,2.0,african_american,0.6626778509634691,0.7638744956744283,1
1378,15,0,1,0,9.297095616265414,1,0,1,1,0,0,0,2.9965033042477023,2.0,african_american,0.46533621903687244,0.40073535332581073,1
1379,16,0,0,1,12.61177394617087,10,0,3,0,0,1,0,2.373993481435845,3.0,caucasian,0.6312606378654394,0.6668824465058075,1
1380,15,0,0,2,8.991978120154746,10,1,3,1,0,0,0,2.8304044557095467,2.0,caucasian,0.45006280841363583,0.5400439658895451,1
1381,18,1,2,1,3.7726449284814967,7,0,2,1,1,0,1,2.5251155338354896,2.0,hispanic,0.188796181517223,0.2821573270620561,3
1382,16,1,0,4,10.157948320067618,22,0,1,1,0,0,0,1.0429816505882752,4.0,caucasian,0.5084283294497266,0.43089983061480863,1
1383,18,1,1,1,10.571684028748846,5,0,2,1,0,0,1,2.661096903670216,2.0,african_american,0.529138893244771,0.5203972252713397,2
1384,15,1,0,1,16.21207696520322,20,0,3,0,0,0,0,1.599593887728051,4.0,caucasian,0.8114827066707453,0.7930378946695217,0
1385,15,0,0,1,14.710414115871624,19,1,1,1,0,0,0,1.7994091491725042,4.0,caucasian,0.7363132601202856,0.5904192820841999,1
1386,18,0,0,2,13.275832478828882,6,0,3,0,0,0,0,2.6576385566960075,2.0,caucasian,0.6645017294987787,0.690151210649145,0
1387,17,0,0,2,2.2677419110514507,2,0,4,0,0,0,0,2.998484061883098,2.0,caucasian,0.11346454034178523,0.37942517823924965,0
1388,17,0,0,2,14.4123258132743,7,0,4,0,0,1,0,2.977408432892682,2.0,caucasian,0.7213917131569442,0.8049741992098609,1
1389,15,0,0,0,10.006103127090295,17,0,2,0,0,0,0,1.3751641369478076,4.0,caucasian,0.5008273429016918,0.5005791400311843,0
1390,15,1,2,0,17.881990722123184,16,0,3,1,0,0,1,1.84886644019124,4.0,hispanic,0.895074368374666,0.8515520578622662,2
1391,17,0,3,2,18.39741868261085,10,0,4,0,0,0,0,2.442456200129272,3.0,other,0.9208753892521124,0.9446127724764786,0
1392,17,1,2,3,1.1031318120357092,1,0,2,1,0,0,0,2.8560385143532114,2.0,hispanic,0.05516710251873758,0.18861697176311631,1
1393,18,1,2,3,16.412831207089575,24,1,1,1,0,0,0,1.206150230255099,4.0,hispanic,0.8215319565819162,0.6500723696073413,1
1394,18,1,0,0,0.7539478084534124,20,0,1,1,1,0,0,0.8959029903990774,4.0,caucasian,0.03768783391644234,0.10138148374150964,2
1395,17,1,3,2,7.343392513900453,26,0,1,0,0,0,0,0.2731909291583428,4.0,other,0.36753878002181095,0.33227714601526764,0
1396,18,0,0,3,10.845999512421582,23,0,3,0,0,1,0,0.66750896106505,4.0,caucasian,0.5428704329822557,0.6050093030875789,1
1397,18,1,3,1,2.962015972542549,18,0,2,0,0,0,0,1.0894406041524294,4.0,other,0.14821814497404678,0.2537527014818327,0
1398,16,1,3,3,14.926276251381536,6,0,3,0,0,0,0,2.813211008121627,2.0,other,0.7471187729986943,0.747983141099086,0
1399,18,1,2,1,0.1670940834427714,17,1,3,1,0,0,1,1.8687585897071977,4.0,hispanic,0.008311419806736681,0.23081799386471566,2
1400,15,0,3,3,3.3719809686807367,7,0,3,1,1,0,0,3.0356935955108426,1.0,other,0.16873995643025066,0.34311796950117546,2
1401,18,0,1,2,11.615936597069512,13,0,3,0,0,0,1,2.13535680128746,3.0,african_american,0.5814115373036552,0.6319880761125587,1
1402,18,0,0,3,14.287751240745848,6,0,0,1,0,1,0,3.038116129209991,1.0,caucasian,0.7151558249378329,0.500609077456483,2
1403,17,1,0,2,18.332862053878323,27,0,3,0,1,0,0,0.9941294103867458,4.0,caucasian,0.9176438475947106,0.8673506933162973,1
1404,15,1,1,1,14.109933038692477,20,0,2,0,0,0,0,1.2325571657328191,4.0,african_american,0.7062546952062828,0.6443782866443979,0
1405,18,0,0,3,13.43558540509732,27,0,2,0,1,0,0,0.8644037429995793,4.0,caucasian,0.6724985571873375,0.6207489900311363,1
1406,18,1,1,1,7.886822927013286,26,0,0,0,0,0,0,0.1152318548488273,4.0,african_american,0.39474153289710634,0.2763190730279744,0
1407,16,0,3,1,0.0256885105360282,3,0,4,1,0,0,0,2.934586305266487,2.0,other,0.0012330142516669845,0.3008631099761669,1
1408,18,0,0,2,2.403185174712439,16,0,4,1,0,0,0,2.0469388171096283,3.0,caucasian,0.12024448776667904,0.3841711414366753,1
1409,18,1,2,2,10.691090895120784,4,0,2,1,0,0,0,3.065473133634235,1.0,hispanic,0.5351160991558704,0.5245812694091093,1
1410,16,1,3,3,13.502597716888394,11,0,2,0,1,0,0,2.437026300114272,3.0,other,0.675853024131528,0.6230971168920696,1
1411,17,1,3,1,8.34896567792925,8,0,3,0,1,0,0,2.427614635957672,3.0,other,0.4178752308700719,0.5175126616090503,1
1412,18,1,3,2,14.613580230567804,25,0,1,0,0,0,0,0.7771509547591905,4.0,other,0.7314660005847257,0.5870262004093079,0
1413,16,0,1,2,10.437245906643575,19,1,1,1,1,1,0,1.879575445166732,4.0,african_american,0.5224092606655043,0.440686482465853,3
1414,15,0,3,0,1.4835239118862442,12,0,3,0,0,0,0,1.596574874404599,4.0,other,0.07420856953688969,0.27694599867582276,0
1415,17,0,2,1,3.8403250193589766,24,0,1,0,1,0,0,0.7045952434646587,4.0,hispanic,0.19218407579456326,0.2095288530561943,1
1416,15,0,0,1,16.799964464878858,27,0,2,1,1,0,0,0.7641866973896485,4.0,caucasian,0.8409108689271539,0.7386376082490077,2
1417,15,0,0,1,14.49825493248879,17,1,2,1,0,0,0,1.503416679305313,4.0,caucasian,0.7256931076655695,0.6579851753658986,1
1418,16,1,2,4,17.8952397402499,19,1,2,1,0,0,0,1.5258378621561266,4.0,hispanic,0.8957375807331295,0.7770163065131906,1
1419,18,0,0,2,2.351144982418732,8,0,1,1,1,0,0,2.2708411075244164,3.0,caucasian,0.11763948728015929,0.1573476410961115,2
1420,16,0,1,2,19.80445069230148,3,0,2,0,0,0,0,3.402352538644452,1.0,african_american,0.9913078551643528,0.843915498615047,0
1421,16,0,1,4,4.188134278998672,20,1,2,0,1,0,0,1.4382049683676248,4.0,african_american,0.2095945281899716,0.2967161697329801,1
1422,16,1,0,1,0.2355975257328402,26,0,2,0,0,1,0,0.3365712986081556,4.0,caucasian,0.011740528974642015,0.15821837028224942,1
1423,16,1,1,3,19.94845878107108,7,0,3,0,0,0,0,3.1122811365205387,1.0,african_american,0.9985165360852523,0.9239615752596765,0
1424,17,1,2,2,5.621477708902263,0,1,4,0,0,1,0,3.770694721842285,0.0,hispanic,0.28134407729185434,0.496940854104298,1
1425,18,1,0,3,13.360389050251198,16,0,1,0,0,0,0,1.655613322522051,4.0,caucasian,0.6687344177342566,0.5431140924139796,0
1426,15,0,0,1,3.533646283526104,24,0,3,1,0,0,1,1.0504696915596752,4.0,caucasian,0.17683251345711,0.348782759419977,2
1427,15,0,0,3,11.604570643982834,8,1,1,0,0,1,0,2.5353912836886785,2.0,caucasian,0.5808425864213554,0.4815898104949488,1
1428,18,1,0,1,18.080699729091187,19,0,2,0,0,0,1,1.3960904942452492,4.0,caucasian,0.9050212389954746,0.7835148672968322,1
1429,15,1,3,1,6.403623348568772,12,0,2,1,1,0,0,2.025416982399455,3.0,other,0.32049631101845694,0.3743474177129198,2
1430,18,0,0,2,13.405079520887185,1,0,2,0,0,0,0,3.2683025478531924,1.0,caucasian,0.6709715097321587,0.619680056812511,0
1431,15,0,1,1,3.75807177596833,12,0,3,1,1,0,0,2.017218038843316,3.0,african_american,0.18806668633832999,0.35664668043683095,2
1432,16,1,0,2,12.495907974374504,8,0,2,1,0,0,0,2.3976825794915584,3.0,caucasian,0.6254606801866297,0.5878224761306408,1
1433,15,1,0,2,6.729007036350203,29,0,2,1,0,0,0,0.2878673233291232,4.0,caucasian,0.3367841959707714,0.38574893717953995,1
1434,18,1,2,2,4.224165171759033,19,0,3,0,1,1,0,1.5487102111350304,4.0,hispanic,0.21139814360785375,0.3729787005254976,2
1435,18,1,2,1,6.263641014072703,5,1,1,1,0,0,0,2.905242112307261,2.0,hispanic,0.31348914918076853,0.29444240442653796,1
1436,18,0,0,0,3.576821370155987,27,0,1,0,1,0,0,0.2489771312307257,4.0,caucasian,0.1789937491620361,0.20029562441342524,1
1437,18,0,0,1,18.03832215675765,0,1,0,1,0,0,0,3.4184098665461984,1.0,caucasian,0.902899924840382,0.6320299473882673,1
1438,18,0,0,2,7.943737726342577,27,1,1,0,0,0,0,0.5829208864689581,4.0,caucasian,0.3975905438904978,0.35331338072334845,0
1439,17,1,0,1,4.905586099487347,24,0,2,0,1,0,0,0.930028645913522,4.0,caucasian,0.24550835285225073,0.3218558469965755,1
1440,17,1,1,1,8.968156820318658,4,0,2,1,0,1,0,2.679085718058188,2.0,african_american,0.4488703743558922,0.4642092620491245,2
1441,15,0,0,1,6.410723336129911,2,1,1,0,0,0,1,3.1062304249844512,1.0,caucasian,0.3208517184494416,0.2995962029146091,1
1442,18,0,0,0,14.88838507626652,3,0,0,1,0,0,1,2.781287883700032,2.0,caucasian,0.745222036548292,0.5216554255838044,2
1443,15,0,0,2,19.424398237709887,0,0,3,0,1,1,1,4.0,0.0,caucasian,0.972283389929357,0.9055983729505499,3
1444,18,0,3,3,8.760673133952936,13,0,3,1,1,1,0,2.3327839636333105,3.0,other,0.43848426546380465,0.5319389858246633,3
1445,18,1,3,1,17.220667999444807,8,1,4,1,0,0,0,3.0677183698465544,1.0,other,0.8619702244737206,0.9033791571316043,1
1446,17,0,0,2,11.31726147119239,29,0,4,0,1,0,0,0.869123386308555,4.0,caucasian,0.5664606154502144,0.6965224308151501,1
1447,17,0,2,2,3.1447133018846696,23,0,4,0,1,0,1,1.5205038773800068,4.0,hispanic,0.15736351148491642,0.4101544580394415,2
1448,16,0,0,2,13.812454841626831,3,0,3,1,1,1,1,3.2898231421759827,1.0,caucasian,0.6913636885837201,0.7089545820086041,4
1449,17,0,0,2,10.268689942516405,17,1,3,1,0,0,0,2.1757392926719743,3.0,caucasian,0.5139717751527888,0.5847802426069522,1
1450,16,0,2,2,13.01213046504207,13,0,1,0,0,0,0,1.8524286908169372,4.0,hispanic,0.6513014732365828,0.5309110312656079,0
1451,16,0,3,2,17.7937482514333,24,0,3,1,1,0,1,1.4772887703973712,4.0,other,0.8906571733385391,0.8484600213369773,3
1452,16,0,3,0,8.808691413120922,3,0,0,0,0,0,0,2.878926862568036,2.0,other,0.44088793914526353,0.30862155740168445,0
1453,16,1,1,2,18.023552464347112,24,0,3,0,1,1,0,1.0580507720986625,4.0,african_american,0.9021605913710117,0.8565124139597081,2
1454,16,1,0,2,15.013380285633096,9,0,2,0,0,0,1,2.572890420104166,2.0,caucasian,0.7514789807842944,0.6760352865490061,1
1455,15,1,2,0,9.772098517559694,2,0,3,1,0,1,0,3.5877355870777485,0.0,hispanic,0.4891136636317404,0.5673795645422183,2
1456,17,1,0,1,12.064442713159274,22,0,0,1,1,0,1,1.30141801379926,4.0,caucasian,0.6038626198059427,0.4227038338641599,3
1457,16,0,1,4,6.511622650380229,6,1,2,0,1,1,0,3.2094931359032093,1.0,african_american,0.3259024830820575,0.3781317381574402,2
1458,18,1,0,2,19.671945994775484,9,0,2,0,0,0,0,2.5372306390536963,2.0,caucasian,0.9846750049324925,0.8392725034527447,0
1459,17,1,1,2,13.34702326100792,12,0,1,1,0,0,0,1.9893957592572007,4.0,african_american,0.6680653601088551,0.5426457520761985,1
1460,17,0,0,3,0.8769370499325979,3,1,2,0,1,1,0,3.0042333028010937,1.0,caucasian,0.04384436447039876,0.18069105512927913,2
1461,16,0,0,2,6.532438114960176,17,0,0,1,1,0,0,1.5135167558797396,4.0,caucasian,0.32694445262459615,0.2288611168372173,2
1462,15,1,3,2,12.46628867518115,10,0,2,0,0,0,1,2.172740551700977,3.0,other,0.6239780129364092,0.5867846090554865,1
1463,16,1,0,2,1.126665555984796,24,1,2,0,0,0,1,0.6416491686246723,4.0,caucasian,0.05634514225562026,0.18944159957893417,1
1464,15,0,1,3,0.4776838263828553,3,0,3,0,1,0,0,2.7535902317989964,2.0,african_american,0.023858757274296413,0.24170113009200747,1
1465,18,1,0,2,9.000484790556051,23,0,2,1,0,1,0,1.0384883524708666,4.0,caucasian,0.45048863083198887,0.46534204158239223,2
1466,17,0,0,2,6.6538035938534,13,0,2,1,1,0,0,2.255019102931137,3.0,caucasian,0.33301970172781253,0.38311379120946876,2
1467,18,0,0,1,8.765972160663317,17,0,4,0,0,0,0,1.666702257521599,4.0,caucasian,0.4387495213468098,0.6071246649427668,0
1468,15,0,0,4,5.253866197600104,7,0,2,0,0,0,0,2.499459429635027,3.0,caucasian,0.26294237423150285,0.33405966196205195,0
1469,15,0,2,2,3.2943549388596183,26,1,2,0,0,0,0,0.2782154592390721,4.0,hispanic,0.1648541935893039,0.26539793551251273,0
1470,18,1,0,0,13.782867139606754,9,0,2,1,0,0,0,2.6375942281323583,2.0,caucasian,0.689882603008127,0.6329178221056888,1
1471,15,0,3,3,10.29142232535601,4,0,3,1,1,0,1,3.0571217282122816,1.0,other,0.515109700778096,0.5855767905446672,3
1472,18,0,1,2,4.003084224987337,22,0,2,1,1,0,0,1.3619328272119078,4.0,african_american,0.20033139022903967,0.2902319731603278,2
1473,17,1,0,0,6.391788525199966,6,1,2,1,0,1,0,3.2389317177358112,1.0,caucasian,0.31990388967497657,0.3739327227724836,2
1474,18,0,1,2,11.83615815326652,11,1,3,1,1,0,0,2.573034385056746,2.0,african_american,0.5924352717625443,0.639704690233781,2
1475,17,1,1,2,1.444586965449557,24,0,0,0,0,0,0,0.0,4.0,african_american,0.0722594844174746,0.05058163909223221,0
1476,18,1,2,3,2.949060185323591,2,1,3,0,1,0,1,3.143909878121016,1.0,hispanic,0.14756961101363877,0.3282987277095471,2
1477,15,1,0,1,1.4649120821478023,25,1,2,1,0,0,0,1.04646340029671,4.0,caucasian,0.07327690838448601,0.2012938358691402,1
1478,18,0,0,3,16.246346654282377,3,0,2,0,0,0,1,2.868574228220813,2.0,caucasian,0.8131981606840634,0.7192387124788443,1
1479,15,1,2,2,15.048184664240186,9,0,3,0,0,0,0,2.6394472915746228,2.0,hispanic,0.7532212000038697,0.7522548400027087,0
1480,18,1,3,0,15.06625863758514,3,0,1,0,0,0,0,2.669749932596335,2.0,other,0.7541259374247313,0.6028881561973118,0
1481,18,0,2,4,14.32650686952056,14,1,3,0,1,1,0,2.794885282534225,2.0,hispanic,0.7170958337533982,0.7269670836273787,2
1482,16,1,0,2,13.387708473397383,28,1,4,0,0,0,1,1.1865697291923056,4.0,caucasian,0.6701019590028513,0.7690713713019959,1
1483,15,1,2,1,9.5398383075635,9,0,2,0,0,0,0,2.520175258554297,2.0,hispanic,0.47748730459323946,0.48424111321526764,0
1484,16,1,0,2,12.8455632701423,20,0,4,0,0,1,0,1.6010784880682591,4.0,caucasian,0.6429635404844665,0.7500744783391264,1
1485,15,1,0,3,0.767231095759493,29,0,0,0,0,0,0,0.0,4.0,caucasian,0.03835276170340416,0.02684693319238291,0
1486,16,1,0,1,12.429288453135692,21,1,3,0,0,1,0,1.5950547587554351,4.0,caucasian,0.622125875344646,0.6604881127412522,1
1487,17,0,1,1,15.557554110737543,15,1,2,1,0,0,0,2.222002853095735,3.0,african_american,0.7787189469848003,0.6951032628893602,1
1488,18,1,0,1,10.007167207687804,14,0,2,0,0,0,1,1.6150931484836668,4.0,caucasian,0.5008806080867735,0.5006164256607414,1
1489,15,1,0,1,7.150266568544739,18,0,1,1,1,0,1,1.6759194307143808,4.0,caucasian,0.35787138335325447,0.32550996834727813,3
1490,15,0,2,2,5.548534696019583,28,0,2,1,0,0,0,0.2143195035843396,4.0,hispanic,0.27769273444179005,0.344384914109253,1
1491,18,0,0,2,12.85604100324165,19,1,1,1,0,0,0,1.5567655569083212,4.0,caucasian,0.6434880293193153,0.5254416205235206,1
1492,15,0,0,1,13.856023972598177,18,0,4,1,1,0,0,2.154199353389932,3.0,caucasian,0.6935446491523712,0.7854812544066598,2
1493,15,1,0,1,17.41935199725085,17,0,3,0,1,0,0,2.0706693123979414,3.0,caucasian,0.8719158431990961,0.8353410902393672,1
1494,16,0,3,1,6.846681649219814,25,1,1,0,1,0,0,0.5672371067999946,4.0,other,0.3426746896500853,0.3148722827550597,1
1495,15,1,1,3,15.395446147711713,11,0,1,1,0,0,0,2.162688107920216,3.0,african_american,0.7706042321088893,0.6144229624762224,1
1496,17,1,0,1,11.22711648378676,24,1,3,0,0,1,0,1.2912304259430896,4.0,caucasian,0.5619481852362049,0.6183637296653435,1
1497,17,0,2,4,17.656729813561583,15,0,2,0,1,1,0,2.340156389104695,3.0,hispanic,0.8837983766741547,0.7686588636719083,2
1498,18,0,2,2,10.556242165912415,0,0,1,0,0,0,0,2.923969740063049,2.0,hispanic,0.5283659126228962,0.44485613883602737,0
1499,15,1,0,1,10.352596567959344,15,1,2,1,0,1,0,2.1901466017791726,3.0,caucasian,0.5181719287353788,0.5127203501147651,2
1500,18,0,1,3,11.557541628818182,1,0,2,0,0,0,0,3.0742141920071315,1.0,african_american,0.5784884327953844,0.554941902956769,0
1501,17,1,2,2,14.986307102848688,23,0,1,0,0,0,0,1.009430321848957,4.0,hispanic,0.7501237656857993,0.6000866359800594,0
1502,15,0,1,2,19.293809576569217,14,0,3,1,1,0,0,2.118500601923897,3.0,african_american,0.9657464516358653,0.9010225161451056,2
1503,15,0,0,4,1.471267084315313,6,0,3,1,0,0,0,2.615347947639846,2.0,caucasian,0.07359502372973237,0.2765165166108126,1
1504,18,0,2,0,1.0686920478203432,27,0,0,0,1,1,0,0.4159305071778432,4.0,hispanic,0.05344313497399231,0.03741019448179461,2
1505,17,1,1,0,18.75100674814677,0,1,4,1,0,0,0,3.9470929642201775,0.0,african_american,0.9385751140638524,0.9570025798446966,1
1506,15,0,0,2,10.597512510364124,4,1,2,0,1,0,0,3.0173532270832526,1.0,caucasian,0.5304318017489159,0.5213022612242411,1
1507,18,1,0,1,12.298060291338722,9,1,1,1,0,0,0,2.813786291054958,2.0,caucasian,0.6155569252647375,0.5058898476853162,1
1508,17,1,0,1,9.648472031894578,21,0,1,0,0,0,0,0.7696361214560695,4.0,caucasian,0.4829252342445704,0.4130476639711993,0
1509,18,1,0,0,1.8731490521494896,20,1,1,0,0,0,0,0.8922661351679123,4.0,caucasian,0.09371221922015226,0.14059855345410657,0
1510,16,1,2,0,15.36178756837333,3,1,2,1,1,0,0,3.666290826527483,0.0,hispanic,0.7689193687045192,0.6882435580931634,2
1511,15,0,0,2,14.94449290177174,13,0,1,0,1,0,0,1.4015482387657991,4.0,caucasian,0.7480306524718027,0.5986214567302618,1
1512,16,1,0,1,6.23406642985624,12,0,2,0,0,0,1,1.4233383361752172,4.0,caucasian,0.312008720249267,0.3684061041744869,1
1513,17,1,1,2,6.124784904568008,0,0,1,1,0,0,1,3.149644743525513,1.0,african_american,0.30653836331943896,0.28957685432360725,2
1514,16,0,0,2,16.75682761811037,15,1,3,0,1,0,1,2.353731151756538,3.0,caucasian,0.8387515474130322,0.8121260831891225,2
1515,16,1,3,2,1.4471451548265324,22,0,3,1,1,0,0,1.1613543513353255,4.0,other,0.07238754091146331,0.2756712786380243,2
1516,17,0,0,0,17.622102967131315,8,1,2,0,0,0,0,2.6471959858736853,2.0,caucasian,0.8820650442666109,0.7674455309866276,0
1517,18,1,0,2,5.1332337979182885,21,0,3,0,1,1,0,1.2989979848488324,4.0,caucasian,0.25690382122063754,0.40483267485444624,2
1518,16,0,0,0,11.859694955109878,15,1,4,1,0,0,0,2.6441973683601545,2.0,caucasian,0.5936134645698848,0.7155294251989194,1
1519,18,1,0,2,18.719883580035557,18,0,3,0,0,0,0,1.737989618721448,4.0,caucasian,0.937017166936867,0.8809120168558068,0
1520,16,0,0,3,13.56245003073293,14,0,2,0,0,0,0,2.0187768989965207,3.0,caucasian,0.6788490796765265,0.6251943557735685,0
1521,18,1,2,2,8.288596249340731,25,0,2,0,1,0,0,0.7177804975968944,4.0,hispanic,0.41485328986807773,0.44039730290765444,1
1522,17,1,3,2,13.790684178108304,13,0,3,1,0,0,0,2.2675844008883907,3.0,other,0.6902739041967304,0.7081917329377112,1
1523,16,0,0,2,6.879592726327404,19,1,1,0,0,0,0,1.2714946229661936,4.0,caucasian,0.3443221349822104,0.3160254944875473,0
1524,17,0,1,1,5.545168326983722,9,1,2,0,1,0,0,2.6216668933929705,2.0,african_american,0.2775242225168777,0.3442669557618144,1
1525,16,0,2,3,19.933665558693598,20,0,2,0,0,0,0,1.228528505250038,4.0,hispanic,0.9977760247652125,0.8484432173356488,0
1526,17,0,2,3,15.015804623595754,11,0,3,0,1,0,1,2.4953123609841468,3.0,hispanic,0.7516003370148128,0.7511202359103689,2
1527,17,1,0,1,12.894399547636352,27,0,3,0,1,0,0,0.7017618078332725,4.0,caucasian,0.6454081610945099,0.676785712766157,1
1528,16,1,0,2,7.105792864386375,0,0,2,1,1,1,0,3.8649768612963977,0.0,caucasian,0.355645142137311,0.3989515994961177,3
1529,16,0,0,3,0.9832165831009632,20,0,1,1,0,1,0,0.684651926072042,4.0,caucasian,0.049164449262709624,0.10941511448389674,2
1530,16,1,2,4,0.6211375207031122,16,1,4,0,0,0,0,1.88585022368373,4.0,hispanic,0.03103968661038027,0.3217277806272662,0
1531,15,0,2,2,11.083625108975976,8,1,0,0,1,0,0,2.3278327626806856,3.0,hispanic,0.5547653697100087,0.38833575879700605,1
1532,18,0,0,2,15.240654420781022,22,0,0,1,0,1,0,0.8802328124843197,4.0,caucasian,0.762855749518973,0.533999024663281,2
1533,15,1,0,1,10.7475838088771,18,0,2,0,0,1,0,1.4119815069059265,4.0,caucasian,0.5379439916238604,0.5265607941367023,1
1534,15,1,3,4,16.81570143878229,24,0,3,0,1,1,1,1.6625318303754022,4.0,other,0.8416986220631036,0.8141890354441725,3
1535,17,1,2,1,0.6685306618644327,17,0,3,1,0,0,0,1.3415984768250016,4.0,hispanic,0.033412067463359334,0.24838844722435152,1
1536,16,1,3,2,7.335041528518802,27,0,4,1,1,0,0,0.6592029163279249,4.0,other,0.36712075080202367,0.5569845255614165,2
1537,18,1,2,1,4.741407823483561,6,0,1,0,0,1,0,2.153371206457846,3.0,hispanic,0.23729000334170222,0.24110300233919152,1
1538,17,1,0,1,8.94545936314244,8,0,2,0,0,1,0,2.4431029199121954,3.0,caucasian,0.4477341970210141,0.46341393791470986,1
1539,15,1,1,2,1.4475278638824496,21,0,1,0,0,0,0,0.2700885546341743,4.0,african_american,0.0724066983594457,0.125684688851612,0
1540,16,0,1,4,19.08263283142145,25,0,3,0,0,1,0,1.316724623344178,4.0,african_american,0.9551754775559306,0.8936228342891513,1
1541,17,0,0,0,4.465108021387218,20,0,2,1,0,0,0,0.8177142023856205,4.0,caucasian,0.22345913363960615,0.3064213935477243,1
1542,16,0,1,2,18.44615550967169,11,0,0,0,1,0,0,2.056945969742978,3.0,african_american,0.9233150316248456,0.6463205221373919,1
1543,17,0,2,0,8.517863100733635,6,1,3,1,0,0,0,3.219333348074609,1.0,hispanic,0.42632980894107875,0.523430866258755,1
1544,16,0,0,1,19.71048266510436,13,1,2,0,0,0,0,2.2408700600381573,3.0,caucasian,0.9866040532417109,0.8406228372691976,0
1545,15,1,2,2,11.081167669204214,14,1,2,0,1,0,0,1.9137997969013387,4.0,hispanic,0.5546423564865965,0.5382496495406176,1
1546,18,0,1,2,18.616657283516147,14,0,3,0,0,1,0,2.240334376463302,3.0,african_american,0.931849919453671,0.8772949436175697,1
1547,15,0,3,1,0.1069797738844569,5,0,1,1,0,0,0,2.254547586191716,3.0,other,0.005302249418541455,0.07871157459297902,1
1548,18,0,0,1,14.964776123618002,20,0,1,1,1,1,0,1.8913004299388907,4.0,caucasian,0.7490459792884195,0.5993321855018936,3
1549,16,0,0,0,18.061013062050307,13,0,1,0,0,1,0,2.2062263414776675,3.0,caucasian,0.9040357742045299,0.7078250419431709,1
1550,17,0,1,1,2.794411339579081,1,1,2,0,1,0,0,3.335098154642011,1.0,african_american,0.13982828069474826,0.24787979648632377,1
1551,15,0,0,4,1.9225170346430296,7,0,1,1,1,0,0,2.4119864614713284,3.0,caucasian,0.09618345563850274,0.14232841894695192,2
1552,18,0,2,3,8.491452143719112,12,0,3,0,1,0,0,2.1609785190420574,3.0,hispanic,0.42500774319074514,0.5225054202335215,1
1553,15,1,2,1,18.673578122658704,22,0,1,0,1,0,0,1.165394363121266,4.0,hispanic,0.934699232784848,0.7292894629493936,1
1554,18,1,0,2,10.847731203808774,5,0,4,0,0,0,0,2.58350063639477,2.0,caucasian,0.5429571170759784,0.6800699819531848,0
1555,15,0,1,3,10.549129274434645,4,1,1,0,1,0,0,3.017063255946228,1.0,african_american,0.5280098592544616,0.44460690147812315,1
1556,18,1,1,0,2.8225223659864374,4,0,1,1,1,0,1,2.5761746968185832,2.0,african_american,0.1412354476216965,0.17386481333518755,3
1557,18,1,0,3,0.0157902218643757,24,0,1,0,0,0,0,0.2333498804715068,4.0,caucasian,0.0007375309402326066,0.07551627165816283,0
1558,16,1,3,3,16.202801814909225,0,0,3,1,0,0,0,3.646516388949796,0.0,other,0.811018416091417,0.7927128912639918,1
1559,18,1,2,0,1.7514912597247645,8,1,2,1,1,0,0,2.6054252316173008,2.0,hispanic,0.08762233764041698,0.2113356363482919,2
1560,16,0,1,1,12.67699637470648,5,0,3,1,0,1,0,3.3669295153821057,1.0,african_american,0.6345255077780705,0.6691678554446493,2
1561,18,1,2,4,18.29232909030383,19,0,3,0,1,0,0,1.5837802579379994,4.0,hispanic,0.9156148698915593,0.8659304089240915,1
1562,17,1,0,2,4.17303826316862,25,0,4,0,0,1,0,0.7763967059483814,4.0,caucasian,0.2088388597950539,0.4461872018565377,1
1563,17,1,3,0,13.305456724738216,29,1,3,0,0,1,0,0.7834866400151184,4.0,other,0.6659846443690977,0.6911892510583684,1
1564,17,0,1,1,1.5739715341501892,6,0,0,0,0,1,0,2.328311711261717,3.0,african_american,0.07873614888694953,0.05511530422086467,1
1565,18,0,2,2,12.07510287675226,8,0,3,1,0,0,0,2.718465435794503,2.0,hispanic,0.6043962406501813,0.6480773684551269,1
1566,16,0,2,2,3.278634419064055,4,1,4,1,0,0,0,3.2448822032661777,1.0,hispanic,0.16406726410440384,0.41484708487308264,1
1567,16,0,0,2,14.71907121030356,13,1,4,1,0,0,0,2.8656747490202017,2.0,caucasian,0.736746612385392,0.8157226286697743,1
1568,18,0,2,4,6.024625895878164,4,0,1,0,0,0,0,2.326326756466653,3.0,hispanic,0.30152465651194255,0.28606725955835977,0
1569,17,0,0,1,9.267820176092926,7,1,3,0,1,1,0,3.303066678642581,1.0,caucasian,0.463870764500079,0.5497095351500553,2
1570,17,0,0,2,11.988610840552434,6,0,1,0,0,0,0,2.4892182377565297,3.0,caucasian,0.6000666679401305,0.49504666755809135,0
1571,16,1,0,2,3.425468213324792,12,1,1,1,1,1,0,2.600264186907329,2.0,caucasian,0.17141739269977832,0.19499217488984483,3
1572,17,1,3,2,14.832756372352415,12,0,3,0,0,0,0,2.119171492034809,3.0,other,0.742437404240578,0.7447061829684045,0
1573,15,1,2,1,6.052806812736291,7,0,4,0,0,0,0,2.522694547891483,2.0,hispanic,0.3029353219781974,0.5120547253847382,0
1574,16,0,2,4,13.24743719825507,10,1,2,0,0,0,0,2.475854110200245,3.0,hispanic,0.6630803335267544,0.614156233468728,0
1575,17,0,2,3,3.165661013987473,27,1,3,1,0,0,0,0.782809234051424,4.0,hispanic,0.158412101004173,0.33588847070292105,1
1576,16,0,1,2,13.762353184127004,25,0,0,1,0,0,0,0.7664048694920337,4.0,african_american,0.6888557262490329,0.482199008374323,1
1577,15,0,3,2,2.563761456209235,17,1,0,1,0,0,0,1.2836220775478306,4.0,other,0.12828253053681057,0.0897977713757674,1
1578,16,0,0,1,8.507129925399672,24,0,2,1,0,0,0,0.6431459327503606,4.0,caucasian,0.42579253331363537,0.4480547733195447,1
1579,16,1,0,2,4.944121474777536,18,1,2,0,0,0,0,1.6692302172984,4.0,caucasian,0.24743733633510584,0.3232061354345741,0
1580,16,1,0,2,14.96750498856365,5,0,3,0,0,0,0,3.282070050593753,1.0,caucasian,0.7491825793699669,0.7494278055589768,0
1581,16,0,2,2,5.240700090137491,21,0,2,0,1,0,0,0.7437140169647167,4.0,hispanic,0.26228331217131473,0.3335983185199203,1
1582,15,0,2,4,17.634346127907925,1,0,2,0,0,0,1,3.3250668431789085,1.0,hispanic,0.8826779059485894,0.7678745341640125,1
1583,18,0,0,2,17.836404228132256,27,0,2,1,1,0,1,1.184519764401664,4.0,caucasian,0.8927924237124543,0.774954696598718,3
1584,16,0,0,1,3.928826304455717,12,0,1,0,0,0,0,1.6165360987452144,4.0,caucasian,0.19661422642570361,0.21262995849799254,0
1585,16,1,2,2,12.276918900154485,22,0,4,0,0,0,0,1.5830839708839028,4.0,hispanic,0.6144986406602184,0.7301490484621529,0
1586,17,0,0,1,1.7543528343992865,24,0,2,0,0,0,0,0.1842514890903642,4.0,caucasian,0.08776558083554721,0.21143590658488304,0
1587,16,0,2,1,7.830741992032584,27,1,2,0,0,0,0,0.4721810422090253,4.0,hispanic,0.391934263045283,0.4243539841316981,0
1588,17,0,3,1,14.266434590025446,25,0,3,1,1,0,0,1.2993555178087297,4.0,other,0.7140887672839292,0.7248621370987505,2
1589,18,0,0,2,13.188464936998326,10,0,2,0,0,0,1,2.379628283206932,3.0,caucasian,0.6601283311898306,0.6120898318328813,1
1590,15,1,0,2,12.49401338813216,0,0,3,0,0,0,0,3.5662831299671103,0.0,caucasian,0.6253658419882002,0.6627560893917401,0
1591,15,0,2,2,5.650817273248872,23,0,1,0,0,0,0,0.2783475708696343,4.0,hispanic,0.28281274172272036,0.2729689192059042,0
1592,18,0,2,2,7.560498988688041,1,0,1,0,0,0,0,2.4215468827715467,3.0,hispanic,0.37840658137919847,0.33988460696543893,0
1593,15,1,1,2,2.058922894005724,29,0,4,0,1,0,1,0.6176804235913715,4.0,african_american,0.10301158817111318,0.3721081117197792,2
1594,18,1,3,1,14.38045640867202,16,0,3,0,0,0,0,1.804726657837384,4.0,other,0.719796411317445,0.7288574879222114,0
1595,18,1,0,3,10.077775935825471,7,0,2,1,0,0,0,2.635208129638253,2.0,caucasian,0.5044151025427712,0.5030905717799399,1
1596,18,0,1,1,14.175312646913092,1,0,3,0,0,0,1,3.436025388769573,1.0,african_american,0.7095274331366491,0.7216692031956543,1
1597,15,0,2,1,4.978870495937455,5,0,4,0,0,1,1,2.7373779261627598,2.0,hispanic,0.24917678450080027,0.4744237491505602,2
1598,17,1,2,2,6.488764572701324,21,1,1,1,0,0,1,1.1466960797952552,4.0,hispanic,0.3247582654908083,0.30233078584356576,2
1599,18,1,0,1,6.684306745202293,4,0,0,0,0,0,0,2.4052675257641485,3.0,caucasian,0.3345466123828652,0.23418262866800563,0
1600,16,1,2,0,0.514848194944324,15,1,2,0,0,1,0,1.5252820489261911,4.0,hispanic,0.025719111625745125,0.16800337813802158,1
1601,15,1,1,2,6.82095745661247,7,0,1,1,1,0,0,2.446157080635824,3.0,african_american,0.3413870015900709,0.3139709011130496,2
1602,18,1,0,2,16.06609147036067,18,1,1,1,0,1,0,1.9529530122549463,4.0,caucasian,0.8041750418000362,0.6379225292600252,2
1603,18,1,0,2,17.94596991499477,15,0,3,1,0,0,0,2.293087191388992,3.0,caucasian,0.8982770050524281,0.8537939035366996,1
1604,16,0,2,4,10.364366312718548,12,0,0,0,0,1,0,1.4716720294797634,4.0,hispanic,0.5187610924081588,0.36313276468571115,1
1605,17,0,0,2,9.110033904384403,25,1,3,0,0,0,1,1.106713497753671,4.0,caucasian,0.45597238256776357,0.5441806677974345,1
1606,17,0,0,3,0.6164923739874051,19,0,2,0,1,0,1,1.2058569757056352,4.0,caucasian,0.030807162307124842,0.17156501361498738,2
1607,17,1,0,1,17.584086751707652,6,0,2,0,0,0,0,2.5590703550177483,2.0,caucasian,0.8801620486144165,0.7661134340300916,0
1608,18,1,2,2,0.2602042685174544,15,0,3,1,1,1,0,2.4576510224957078,3.0,hispanic,0.012972280321059267,0.23408059622474148,3
1609,18,1,1,3,18.89500160420424,22,1,2,0,0,0,0,1.2267412857712765,4.0,african_american,0.9457831325886303,0.8120481928120412,0
1610,18,1,2,2,9.784324973761812,15,0,1,0,0,0,1,1.5904330983565391,4.0,hispanic,0.48972568912494335,0.41780798238746036,1
1611,15,1,0,2,6.838689871494532,28,0,1,1,0,0,0,0.3106695325979863,4.0,caucasian,0.34227464145762243,0.31459224902033567,1
1612,16,1,1,1,18.484368696853203,11,1,3,1,0,0,0,2.7718106588704914,2.0,african_american,0.9252278871853611,0.8726595210297527,1
1613,18,0,1,0,0.4878198622019347,13,0,1,1,0,0,0,1.5826829916643974,4.0,african_american,0.024366141606987985,0.09205629912489158,1
1614,16,0,2,2,11.628497897381742,23,1,0,1,0,0,1,1.1055870981431069,4.0,hispanic,0.5820403242466397,0.40742822697264774,2
1615,16,1,3,1,10.978650489986752,17,0,4,0,0,0,0,2.3002961351673665,3.0,other,0.5495106056231315,0.684657423936192,0
1616,17,0,0,3,4.3864080242276415,26,1,4,1,1,0,0,0.9918836980476614,4.0,caucasian,0.21951961070831616,0.4536637274958213,2
1617,15,1,1,1,8.577748627004212,27,0,2,0,1,1,1,0.1651106215518772,4.0,african_american,0.42932752701617527,0.4505292689113226,3
1618,18,0,0,4,13.045280118875404,17,0,0,0,0,0,0,0.9893299205987556,4.0,caucasian,0.6529608611165588,0.4570726027815911,0
1619,17,1,1,4,14.54262393763855,15,0,3,1,0,1,0,2.230253521333785,3.0,african_american,0.7279141079137853,0.7345398755396496,2
1620,17,1,0,1,0.0143371741315956,19,0,3,1,0,0,0,1.3835280778946648,4.0,caucasian,0.0006647950435344249,0.2254653565304741,1
1621,18,0,0,1,18.737068601820305,15,0,1,1,1,0,0,2.1314052629810774,3.0,caucasian,0.9378774056895884,0.7315141839827118,2
1622,16,0,0,3,3.290507447856248,12,0,1,1,0,1,0,1.86827692299816,4.0,caucasian,0.1646615979148088,0.19026311854036615,2
1623,17,1,1,4,4.671608684447184,25,0,3,1,0,1,0,1.2474819436382791,4.0,african_american,0.23379603486975234,0.3886572244088266,2
1624,16,1,0,2,5.269468913876965,28,0,4,0,0,0,0,0.2999075475985059,4.0,caucasian,0.2637234067700234,0.4846063847390164,0
1625,15,0,2,1,0.7564027310407062,8,0,3,1,0,0,1,2.7051956947945466,2.0,hispanic,0.03781072113596252,0.2514675047951737,2
1626,16,0,0,2,2.4610424718064983,25,0,1,1,1,1,0,0.8979380920800135,4.0,caucasian,0.12314067781586471,0.1611984744711053,3
1627,15,1,0,2,19.72699845888324,27,0,2,1,1,0,0,1.3917317913625924,4.0,caucasian,0.9874307921320367,0.8412015544924256,2
1628,16,0,2,1,6.304334747545721,8,0,3,0,0,0,0,2.150546165993222,3.0,hispanic,0.3155261746186691,0.4458683222330683,0
1629,17,1,0,2,2.306021806780987,12,0,1,0,0,0,0,1.448741241526555,4.0,caucasian,0.11538073516359848,0.15576651461451893,0
1630,17,1,0,0,2.1398252234924664,28,0,1,1,0,1,0,0.0,4.0,caucasian,0.10706135429196265,0.14994294800437385,2
1631,15,1,1,0,14.389199353399436,3,1,1,0,0,0,0,3.091715028356484,1.0,african_american,0.7202340610313429,0.57916384272194,0
1632,18,1,0,1,17.091373280652817,8,0,2,0,0,0,0,2.576927695452172,2.0,caucasian,0.8554980576635627,0.7488486403644938,0
1633,15,0,0,1,5.139045990169397,14,0,2,0,0,0,0,1.9558725265628367,4.0,caucasian,0.2571947648735055,0.33003633541145383,0
1634,15,0,0,1,0.4181902467046994,13,0,3,0,1,0,0,1.8787083443226635,4.0,caucasian,0.020880659054910336,0.23961646133843723,1
1635,16,0,3,2,4.461800368907117,18,1,3,1,1,0,0,1.6304001316060543,4.0,other,0.22329356091705985,0.38130549264194186,2
1636,16,0,1,1,1.130313815935147,11,0,4,0,0,1,0,2.372748110360667,3.0,african_american,0.056527764927188744,0.3395694354490321,1
1637,15,0,1,1,2.0678987326008302,20,1,3,1,0,0,0,1.279370611476852,4.0,african_american,0.1034608959633521,0.2974226271743464,1
1638,17,0,1,1,8.630162396952848,25,0,1,0,0,0,1,0.155004788411154,4.0,african_american,0.43195122785582496,0.37736585949907747,1
1639,16,0,0,4,4.598367417232652,24,1,2,0,1,1,1,1.2783470336697191,4.0,caucasian,0.23012976216171985,0.3110908335132039,3
1640,18,1,0,2,10.318917570508468,5,0,2,0,1,0,0,2.6559935659147995,2.0,caucasian,0.5164860432519073,0.5115402302763351,1
1641,16,0,2,2,5.069875065143807,2,0,0,1,0,1,0,2.6823160526270176,2.0,hispanic,0.25373224320702675,0.17761257024491872,2
1642,16,0,0,2,18.810746022058957,25,0,4,0,1,0,0,1.6448199394832874,4.0,caucasian,0.9415655111155635,0.9590958577808943,1
1643,18,1,0,4,18.11887935852529,24,1,0,1,1,0,0,1.3962784383778892,4.0,caucasian,0.9069324147399772,0.634852690317984,2
1644,15,0,0,1,11.33612210020932,21,1,2,1,0,0,0,1.6094867987939343,4.0,caucasian,0.5674047308656202,0.547183311605934,1
1645,18,0,0,2,7.088479839747723,19,0,2,1,0,1,0,1.187367524649196,4.0,caucasian,0.35477849588527033,0.3983449471196892,2
1646,15,1,3,2,7.622937640694712,15,0,2,1,0,1,0,2.0197970227132727,3.0,other,0.38153210247522035,0.41707247173265427,2
1647,15,0,0,2,8.237045662889939,29,0,3,0,0,0,1,0.2416256282208843,4.0,caucasian,0.41227279781249915,0.5135909584687494,1
1648,15,0,1,0,14.55158644269888,19,0,2,0,0,0,0,1.2477251942052905,4.0,african_american,0.728362748262976,0.6598539237840831,0
1649,18,0,0,2,9.03277991037676,23,0,1,0,0,1,0,0.8526823634027514,4.0,caucasian,0.45210524289926085,0.3914736700294826,1
1650,15,1,3,0,17.13459893011795,22,0,1,0,0,0,0,0.9657009889491656,4.0,other,0.857661824416216,0.6753632770913511,0
1651,17,0,0,2,18.88189571860729,16,1,4,1,1,0,0,2.423800751639832,3.0,caucasian,0.9451270850828172,0.9615889595579721,2
1652,18,0,0,2,6.718923067578677,15,0,1,1,0,0,0,1.7419681672894356,4.0,caucasian,0.33627941798287275,0.3103955925880109,1
1653,17,1,2,1,11.213889627513602,5,0,1,0,0,1,0,2.8459257757426046,2.0,hispanic,0.561286082244113,0.4679002575708791,1
1654,15,0,2,3,1.9011307366512888,7,0,2,0,0,0,0,2.039564398044963,3.0,hispanic,0.09511291161824019,0.21657903813276813,0
1655,16,1,0,0,4.009380955327179,18,1,1,1,0,0,0,1.5420637396404375,4.0,caucasian,0.2006465886338841,0.21545261204371885,1
1656,15,1,0,3,8.269315334203203,29,1,2,0,0,1,0,0.7307796023629439,4.0,caucasian,0.4138881359918135,0.4397216951942694,1
1657,17,0,0,2,4.1240543180355775,24,0,3,1,0,0,0,0.4999877783931601,4.0,caucasian,0.2063868473162556,0.36947079312137887,1
1658,17,1,0,1,17.53120981577435,25,1,3,0,0,0,0,1.122889381075435,4.0,caucasian,0.8775151628562987,0.839260613999409,0
1659,18,1,0,1,3.165725121181961,1,1,3,0,1,0,0,2.9594927281039074,2.0,caucasian,0.15841531004828815,0.3358907170338017,1
1660,16,0,0,4,9.11321643106184,13,0,1,1,1,1,0,2.300205239575968,3.0,caucasian,0.45613169180890345,0.3942921842662324,3
1661,18,1,0,0,12.113984809197513,21,0,2,0,1,0,0,1.35272076359225,4.0,caucasian,0.6063425719082416,0.5744398003357691,1
1662,17,1,0,1,13.837278163216888,11,1,0,1,0,0,0,2.13406203808262,3.0,caucasian,0.6926062813177012,0.4848243969223908,1
1663,15,0,1,1,7.661387394530134,16,0,0,1,0,0,1,1.2997943203369946,4.0,african_american,0.3834567999644714,0.26841975997512996,2
1664,16,0,3,2,17.381981374494572,27,0,2,1,0,0,0,0.7478339441237737,4.0,other,0.8700451642839949,0.7590316149987965,1
1665,15,0,1,2,11.36638302155851,26,0,1,1,1,1,0,0.5329232037789974,4.0,african_american,0.5689195160991619,0.4732436612694133,3
1666,15,1,0,1,8.790155608951036,14,0,3,0,0,0,0,2.0737697903171566,3.0,caucasian,0.4399600836406553,0.5329720585484587,0
1667,16,0,0,1,1.3448126810407324,17,1,3,1,1,0,0,1.9913793639901416,4.0,caucasian,0.06726503593503541,0.2720855251545248,2
1668,18,1,3,1,9.2937893689033,15,0,3,1,0,0,1,1.8999595995373024,4.0,other,0.46517071665098086,0.5506195016556865,2
1669,15,1,0,1,16.414716816314606,12,0,3,1,1,0,0,2.6148839418291825,2.0,caucasian,0.8216263454135498,0.8001384417894848,2
1670,17,1,0,2,12.29082036442631,20,1,0,1,1,1,0,1.8102707442887624,4.0,caucasian,0.6151945128235466,0.4306361589764826,3
1671,15,1,1,2,16.643249074582368,16,0,2,1,0,0,0,1.581931480635446,4.0,african_american,0.833066092611505,0.7331462648280535,1
1672,16,1,1,1,9.880233411986111,7,0,1,0,1,0,0,2.271332803302088,3.0,african_american,0.4945266231189144,0.4211686361832401,1
1673,16,1,1,1,2.369234101889637,0,1,2,1,0,0,0,3.363670491095614,1.0,african_american,0.1185449828778018,0.23298148801446125,1
1674,16,1,0,1,0.2727969167176214,28,0,1,1,1,0,0,0.4812984804652508,4.0,caucasian,0.01360263646007711,0.08452184552205397,2
1675,18,0,0,4,6.064390934371824,24,0,0,1,1,0,0,0.1999273794512188,4.0,caucasian,0.30351519382659786,0.2124606356786185,2
1676,15,0,3,4,13.95980942995585,25,0,2,0,1,1,1,1.2680087507224682,4.0,other,0.6987398868137645,0.6391179207696351,3
1677,18,1,0,3,15.805198078833875,26,0,3,1,0,0,0,0.8825524540001173,4.0,caucasian,0.7911153780689459,0.7787807646482621,1
1678,18,1,1,1,5.915056692406589,2,1,3,0,0,0,0,3.120136639384952,1.0,african_american,0.2960398991394078,0.4322279293975855,0
1679,16,0,2,0,9.91307841766494,15,0,2,0,1,0,1,1.8041546917762192,4.0,hispanic,0.49617076108232155,0.4973195327576251,2
1680,16,1,1,1,8.422378088681633,27,0,2,1,1,1,0,0.6817036435058786,4.0,african_american,0.4215500705910172,0.44508504941371196,3
1681,18,0,0,1,8.210455687028556,1,0,2,1,0,0,1,2.898261817162794,2.0,caucasian,0.4109417708311898,0.43765923958183284,2
1682,15,0,0,2,4.62697426400301,14,0,3,0,0,0,1,1.7303180027913696,4.0,caucasian,0.23156174860277673,0.3870932240219437,1
1683,17,0,1,2,2.7274221005891675,0,1,0,1,0,1,0,3.560791672128213,0.0,african_american,0.13647496871666365,0.09553247810166454,2
1684,18,1,2,3,3.9337711646242624,8,1,3,0,1,0,0,2.528774574406828,2.0,hispanic,0.19686175362683564,0.3628032275387849,1
1685,15,1,3,3,1.106647743266922,15,1,2,0,1,0,0,1.5923878582033109,4.0,other,0.055343101149107496,0.18874017080437525,1
1686,16,0,0,1,3.962614836471541,3,0,1,0,0,1,1,2.3741309720150148,3.0,caucasian,0.19830559493263078,0.21381391645284153,2
1687,16,0,0,2,0.1840179525075891,11,1,0,1,0,0,0,1.8104094800411437,4.0,caucasian,0.009158585914402618,0.006411010140081832,1
1688,15,0,3,1,12.545168012719564,0,0,1,0,0,0,0,2.829826431301572,2.0,other,0.6279265131937529,0.514548559235627,0
1689,17,0,2,0,6.327508147753658,0,1,2,0,0,0,1,3.0476020888188065,1.0,hispanic,0.31668617645869485,0.3716803235210864,1
1690,16,0,2,2,19.46289422853817,6,1,3,1,1,0,0,3.625921730346796,0.0,hispanic,0.9742104019255994,0.9069472813479195,2
1691,16,1,0,0,3.874341015525957,17,0,2,0,0,0,1,0.9273215453238872,4.0,caucasian,0.1938868305819462,0.28572078140736235,1
1692,16,0,1,2,6.916571406191878,22,0,2,1,0,0,0,1.331958948764275,4.0,african_american,0.34617319422684467,0.39232123595879126,1
1693,15,1,2,1,7.156823172830665,27,0,4,1,1,0,1,0.7795517215186132,4.0,hispanic,0.3581995903909679,0.5507397132736775,3
1694,18,0,1,2,0.1690299212492108,22,0,1,1,0,0,0,0.8813584466312141,4.0,african_american,0.00840832295419503,0.08088582606793651,1
1695,16,1,0,2,16.78415906078918,14,1,1,0,0,0,0,2.398121085937693,3.0,caucasian,0.8401196903490488,0.663083783244334,0
1696,18,1,0,1,0.6398892028864944,25,0,2,0,1,0,0,0.7588142687845363,4.0,caucasian,0.03197834842267879,0.17238484389587516,1
1697,17,1,1,3,18.803596694584822,29,0,3,1,0,0,0,1.0288655959633797,4.0,african_american,0.9412076338532487,0.883845343697274,1
1698,16,1,0,1,17.841487021872414,24,0,3,0,1,0,0,1.4444766951837589,4.0,caucasian,0.8930468555195326,0.8501327988636728,1
1699,16,1,0,2,10.710438321719272,12,1,2,0,0,0,0,2.214067459161345,3.0,caucasian,0.5360845824277523,0.5252592076994266,0
1700,17,1,3,2,10.871911498225842,15,0,4,0,1,1,0,2.5119180875322624,2.0,other,0.544167521495031,0.6809172650465216,2
1701,16,0,0,2,13.075558459123126,6,0,3,0,0,0,0,2.6901498030104545,2.0,caucasian,0.6544765182961321,0.6831335628072923,0
1702,18,1,2,4,7.7410002386977395,15,0,0,1,0,0,0,1.6052743861754348,4.0,hispanic,0.3874420177096201,0.2712094123967341,1
1703,15,0,0,1,12.94444566795711,12,0,3,1,0,1,1,2.709889487418108,2.0,caucasian,0.6479133433783918,0.6785393403648742,3
1704,18,1,1,2,0.8953677737697374,13,0,0,0,1,0,0,1.528563501341875,4.0,african_american,0.04476695991915665,0.03133687194340965,1
1705,15,1,3,2,1.0809525469945314,16,1,3,0,1,0,0,1.7785692022870156,4.0,other,0.05405686457232812,0.26283980520062966,1
1706,15,0,0,3,9.144608392390888,11,0,1,1,0,0,0,2.1219640588635724,3.0,caucasian,0.45770309404495685,0.3953921658314698,1
1707,18,1,0,1,10.9924460221207,28,0,3,0,0,0,0,0.4059048314284253,4.0,caucasian,0.5502011750913975,0.6101408225639782,0
1708,18,0,0,2,17.75635280671638,23,0,2,1,0,0,0,1.123926327741214,4.0,caucasian,0.8887852518988294,0.7721496763291805,1
1709,18,0,0,2,2.093212678157925,23,0,3,0,0,0,0,0.8703304110318186,4.0,caucasian,0.10472804809299444,0.2983096336650961,0
1710,18,0,2,1,16.452958543877788,19,0,2,1,1,0,0,1.8228292080685773,4.0,hispanic,0.8235406296334314,0.726478440743402,2
1711,17,0,3,2,4.200946745841392,12,0,3,1,0,0,0,2.231182931946249,3.0,other,0.21023588789460976,0.3721651215262268,1
1712,16,1,0,1,7.881672970200637,23,0,1,0,1,1,0,0.9669677174911444,4.0,caucasian,0.39448373907638423,0.35113861735346896,2
1713,15,1,0,2,6.332048696548258,19,0,4,0,1,0,0,1.69185894616234,4.0,caucasian,0.3169134648544072,0.521839425398085,1
1714,18,0,0,3,8.00310545730798,14,0,3,0,0,0,0,2.0697582058612616,3.0,caucasian,0.40056234244142574,0.505393639708998,0
1715,18,1,2,2,3.009909961451711,23,1,1,1,1,0,0,1.0578761267920678,4.0,hispanic,0.15061559699931198,0.18043091789951837,2
1716,18,1,0,2,10.0714014880711,20,0,4,0,0,0,0,1.3214272070130963,4.0,caucasian,0.5040960138005983,0.6528672096604188,0
1717,17,0,1,2,16.032851796627344,3,1,2,1,0,0,1,3.5169407207158963,0.0,african_american,0.802511147751406,0.7117578034259842,2
1718,18,1,1,0,8.830680207577938,21,1,3,0,1,0,1,1.0491570024752104,4.0,african_american,0.441988642615674,0.5343920498309718,2
1719,18,0,1,1,9.812271517963982,1,0,3,1,0,0,0,3.4861413290978023,1.0,african_american,0.4911246224884544,0.568787235741918,1
1720,18,0,0,2,16.975351705626284,27,1,0,1,0,0,1,0.586837405483887,4.0,caucasian,0.8496903108803624,0.5947832176162536,2
1721,16,1,2,1,14.121162292760616,17,0,4,0,1,0,0,2.3588158974550537,3.0,hispanic,0.7068168032812426,0.7947717622968697,1
1722,17,1,0,1,9.809088170395697,1,0,2,0,0,0,0,3.152222285699565,1.0,caucasian,0.49096527215559355,0.49367569050891547,0
1723,18,1,0,2,5.153912963783593,24,0,1,0,0,0,0,0.5878350833437533,4.0,caucasian,0.2579389679940375,0.25555727759582625,0
1724,15,0,2,1,17.698534936899332,14,0,3,1,1,0,1,2.66889332908893,2.0,hispanic,0.8858910354794725,0.8451237248356307,3
1725,15,0,2,1,11.540408033811168,29,0,3,0,0,0,0,0.3043720342532843,4.0,hispanic,0.5776307683371672,0.629341537836017,0
1726,15,1,0,2,4.422952202213867,25,0,0,0,1,0,0,0.2806703078814149,4.0,caucasian,0.22134891988719663,0.15494424392103762,1
1727,17,1,0,1,5.382395052760208,18,0,1,1,0,0,0,0.8730911973563495,4.0,caucasian,0.2693762038440884,0.26356334269086185,1
1728,17,1,0,3,16.06266177872492,14,0,3,0,0,0,0,2.330783482945125,3.0,caucasian,0.8040033601058311,0.7878023520740817,0
1729,15,1,0,3,0.8829112417491092,25,0,0,1,1,1,0,0.318850908518507,4.0,caucasian,0.04414341741203164,0.030900392188422148,3
1730,18,0,0,2,19.8418437405764,19,0,4,0,0,0,0,1.7922893205354298,4.0,caucasian,0.9931796566442334,0.9952257596509633,0
1731,17,1,0,1,2.607033594295836,9,0,3,0,1,0,0,2.573219136505813,2.0,caucasian,0.13044862439234728,0.31631403707464306,1
1732,15,0,0,2,15.921370507938748,27,0,2,0,1,0,0,1.0844901258226167,4.0,caucasian,0.7969306762260008,0.7078514733582005,1
1733,15,0,2,3,7.895506335433657,23,0,2,1,1,0,1,1.0866966802818123,4.0,hispanic,0.3951762023739609,0.4266233416617726,3
1734,18,1,1,2,9.844323665749338,19,0,2,0,0,1,1,1.00411266268769,4.0,african_american,0.49272907198978627,0.49491035039285036,2
1735,16,1,1,1,17.613011549291556,10,1,2,1,0,0,0,2.824604892517854,2.0,african_american,0.8816099508695292,0.7671269656086704,1
1736,17,1,0,2,8.258223791784264,25,1,3,0,1,1,1,1.364373782117196,4.0,caucasian,0.41333292141392497,0.5143330449897474,3
1737,18,0,3,3,10.74987507346469,9,0,4,0,0,0,1,2.6072864007904446,2.0,other,0.5380586865375865,0.6766410805763106,1
1738,15,1,2,2,0.9859932481833988,28,1,2,1,0,1,0,0.5684680837933294,4.0,hispanic,0.04930344209828226,0.18451240946879757,2
1739,15,1,2,2,0.046949477349063,22,0,2,0,0,0,1,0.5737961933285499,4.0,hispanic,0.002297284509917615,0.15160809915694232,1
1740,18,0,2,2,4.895997460034518,4,0,1,0,0,0,0,2.258071035198048,3.0,hispanic,0.24502836979802398,0.24651985885861677,0
1741,17,1,3,2,13.611661858375346,8,1,3,0,0,0,0,2.840092975101314,2.0,other,0.6813124993777355,0.7019187495644148,0
1742,16,0,1,0,2.425297867182734,19,0,3,1,1,0,0,1.6831172628416484,4.0,african_american,0.12135139325846268,0.3099459752809238,2
1743,16,1,0,2,2.2752391760909885,18,1,3,1,0,0,0,1.7209071500753406,4.0,caucasian,0.11383983447915769,0.30468788413541037,1
1744,15,0,1,0,8.219212160718065,12,0,0,0,0,0,0,1.5377839093207275,4.0,african_american,0.4113800977707336,0.2879660684395135,0
1745,17,1,2,2,12.95674077216453,17,0,3,0,1,0,0,2.0634635075132985,3.0,hispanic,0.6485288052172216,0.6789701636520551,1
1746,16,1,2,1,14.24143984495861,16,0,2,1,0,0,0,1.878547509948441,4.0,hispanic,0.7128375935240002,0.6489863154668001,1
1747,17,0,1,2,3.569013481967496,26,0,3,1,1,0,1,0.8632708590471806,4.0,african_american,0.1786029060149755,0.35002203421048284,3
1748,17,0,0,1,1.591762947440849,5,0,3,0,0,0,0,2.513286133011632,2.0,caucasian,0.07962674206570779,0.28073871944599543,0
1749,15,1,0,2,18.807940678910885,9,0,3,1,1,0,1,2.7721632696203784,2.0,caucasian,0.9414250827285134,0.8839975579099594,3
1750,16,0,3,2,5.213327651242034,1,1,2,0,0,0,0,2.8883859357893624,2.0,other,0.260913117068317,0.3326391819478219,0
1751,18,0,1,1,17.066929952174476,23,0,3,0,1,0,0,1.3371610494936967,4.0,african_american,0.8542744864242624,0.8229921404969837,1
1752,15,0,1,1,17.269829009256366,5,0,0,0,0,0,0,2.3706116146947664,3.0,african_american,0.8644311003627669,0.6051017702539369,0
1753,16,0,0,1,15.450451835250888,27,0,3,0,0,1,0,0.8544646477713151,4.0,caucasian,0.7733576777916453,0.7663503744541517,1
1754,16,1,0,3,3.3766721330514016,27,1,0,0,0,0,0,0.3226418269944476,4.0,caucasian,0.16897478426099646,0.11828234898269752,0
1755,16,1,2,2,16.436029185084006,20,0,2,1,1,0,0,1.834226997089304,4.0,hispanic,0.8226931887238097,0.7258852321066668,2
1756,16,0,1,2,15.385011184831734,12,0,1,0,0,0,0,1.9900604524480008,4.0,african_american,0.7700818842431139,0.6140573189701796,0
1757,16,0,2,1,11.934459802124342,17,1,3,0,1,0,0,2.226983393791037,3.0,hispanic,0.5973560038316162,0.6431492026821313,1
1758,17,0,0,2,6.744040703379055,6,0,2,0,0,0,1,2.60838689826964,2.0,caucasian,0.33753674334229733,0.3862757203396081,1
1759,15,0,1,3,5.250172085330882,1,0,3,1,0,0,0,3.4063390822727126,1.0,african_american,0.2627574563087506,0.4089302194161254,1
1760,17,1,0,3,2.4377842416071798,28,1,3,1,0,0,0,0.8670343739276987,4.0,caucasian,0.12197642960089146,0.310383500720624,1
1761,18,1,2,2,10.195141338017429,13,1,3,0,1,0,0,2.166091325158555,3.0,hispanic,0.51029011791714,0.5822030825419979,1
1762,16,0,0,0,11.705217510196931,4,0,1,0,1,0,0,2.4229283329107885,3.0,caucasian,0.5858807141433799,0.4851164999003659,1
1763,15,0,0,1,7.186779810315745,17,0,3,0,1,0,0,1.509557877776469,4.0,caucasian,0.35969914394339714,0.47678940076037796,1
1764,16,0,1,0,9.507181353617373,10,1,2,0,1,0,0,2.44385726431874,3.0,african_american,0.4758525800242413,0.4830968060169689,1
1765,15,1,3,1,7.270289147385334,9,0,0,0,0,0,0,2.0038283786309425,3.0,other,0.3638794102742256,0.2547155871919579,0
1766,17,0,0,1,12.820121146414024,10,1,1,0,1,0,0,2.465306489467062,3.0,caucasian,0.6416899720795652,0.5241829804556957,1
1767,15,1,2,1,18.025184155931267,26,0,1,1,0,1,0,0.8447920018716684,4.0,hispanic,0.9022422697273594,0.7065695888091515,2
1768,18,0,0,1,3.278405240938897,1,0,0,0,1,0,0,2.731058898448731,2.0,caucasian,0.16405579202674192,0.11483905441871933,1
1769,18,1,0,3,7.628176198062468,14,0,2,0,0,0,0,1.736011489374202,4.0,caucasian,0.38179433141577934,0.41725603199104555,0
1770,15,0,0,2,2.8173720790172263,6,1,0,0,1,0,0,2.5896707308558047,2.0,caucasian,0.14097763727417148,0.09868434609192003,1
1771,15,1,0,3,12.49887540815664,8,1,2,1,0,0,0,2.7423611231016096,2.0,caucasian,0.6256092224211117,0.5879264556947782,1
1772,15,0,1,2,14.577410189771916,4,0,1,0,0,0,0,2.4959194397063627,3.0,african_american,0.7296554197679034,0.5857587938375323,0
1773,15,0,0,1,18.63825465194912,6,1,1,0,0,1,0,2.8534371942017955,2.0,caucasian,0.9329310291267081,0.7280517203886956,1
1774,18,0,0,2,5.577438525219298,19,0,4,1,0,0,0,1.5913479919456928,4.0,caucasian,0.27913958707259107,0.49539771095081375,1
1775,16,1,3,1,19.004224117308603,1,0,2,0,0,1,0,3.209673328360458,1.0,other,0.9512505355176964,0.8158753748623875,1
1776,15,0,0,2,1.265253436413496,2,1,1,0,1,0,0,3.127617865184041,1.0,caucasian,0.06328250124739634,0.11929775087317743,1
1777,15,1,2,1,12.060277267291765,1,1,2,0,1,1,1,3.453275896757228,1.0,hispanic,0.6036541081146294,0.5725578756802405,3
1778,18,1,0,4,1.1426543868665997,20,1,1,1,0,0,0,0.8227735669667381,4.0,caucasian,0.05714550271529937,0.11500185190070955,1
1779,18,0,1,1,17.875483755238896,21,1,0,0,0,0,0,1.2173352280449594,4.0,african_american,0.8947486460598123,0.6263240522418686,0
1780,17,0,0,1,10.596181141401082,22,0,0,1,0,0,0,0.7626843112270509,4.0,caucasian,0.5303651567838688,0.3712556097487081,1
1781,15,0,0,3,13.38696701525592,18,0,4,0,1,1,0,2.145848670885439,3.0,caucasian,0.6700648434824408,0.7690453904377085,2
1782,17,1,0,0,16.63147851820905,3,1,3,0,0,0,0,3.299131001833344,1.0,caucasian,0.8324768883113739,0.8077338218179617,0
1783,18,0,0,2,3.006212449679375,23,0,3,1,0,1,0,1.1708122846030742,4.0,caucasian,0.1504305089060266,0.3303013562342186,2
1784,18,1,0,2,0.7718312387626769,19,0,4,0,0,0,1,1.4245956528715278,4.0,caucasian,0.03858303323456458,0.3270081232641952,1
1785,16,1,1,3,17.577622918257042,6,0,4,0,0,0,0,2.9026593668557465,2.0,african_american,0.8798384854502262,0.9158869398151583,0
1786,15,0,2,4,6.29866454917865,27,0,3,0,0,1,0,0.691477418739295,4.0,hispanic,0.3152423388207243,0.4456696371745069,1
1787,17,0,2,4,2.5795781585433053,21,1,3,1,0,1,1,1.8865425000782805,4.0,hispanic,0.12907427467647192,0.31535199227353033,3
1788,18,0,1,0,9.36922474174173,6,0,2,0,0,0,1,2.635341351261105,2.0,african_american,0.4689468207406015,0.47826277451842103,1
1789,18,0,0,3,11.966121513920376,16,1,1,0,0,0,0,1.5003394189345471,4.0,caucasian,0.5989409090942106,0.4942586363659474,0
1790,17,0,0,2,0.6194120684502025,18,0,2,0,0,1,0,1.2355538161189008,4.0,caucasian,0.030953314831949314,0.1716673203823645,1
1791,16,0,0,2,5.497913165141755,21,0,2,0,0,0,0,0.604613405510861,4.0,caucasian,0.27515874855986117,0.3426111239919028,0
1792,18,1,0,1,0.6559974855379203,15,0,4,0,0,0,0,1.3881389762566787,4.0,caucasian,0.032784688336012204,0.32294928183520855,0
1793,15,1,1,2,8.40670778390998,2,0,2,0,0,1,0,3.3005522062792574,1.0,african_american,0.42076565474328775,0.44453595832030135,1
1794,18,1,1,4,17.902000581324884,14,0,3,0,0,0,1,2.16864159345454,3.0,african_american,0.8960760113482629,0.8522532079437839,1
1795,15,0,0,3,19.653048229871384,13,0,2,1,1,0,0,2.797267479731933,2.0,caucasian,0.9837290305884416,0.8386103214119092,2
1796,17,1,0,2,12.740951070072551,14,0,1,0,0,0,0,1.7174586153875433,4.0,caucasian,0.6377269181726279,0.5214088427208395,0
1797,15,1,2,0,3.232753875691836,13,0,2,0,1,0,0,1.6879004923340846,4.0,hispanic,0.16177060007342037,0.2632394200513942,1
1798,17,1,2,1,18.11698779998612,6,0,2,1,0,0,0,2.95214586347002,2.0,hispanic,0.9068377281007156,0.784786409670501,1
1799,15,1,0,3,10.32495646400121,24,0,2,1,0,0,0,0.9633750092514732,4.0,caucasian,0.5167883349959086,0.511751834497136,1
1800,17,1,3,2,3.074986242058362,2,0,2,1,0,0,0,3.3349718279859157,1.0,other,0.15387315111603114,0.2577112057812218,1
1801,15,0,3,2,18.434533389033227,29,0,1,0,0,0,0,0.4436406552124723,4.0,other,0.9227332576424069,0.7209132803496847,0
1802,16,0,0,0,15.14938101446206,16,1,2,1,0,0,0,1.955791738835412,4.0,caucasian,0.758286833506417,0.6808007834544919,1
1803,15,1,0,2,14.63410545446303,9,0,3,1,1,0,0,2.850351339225344,2.0,caucasian,0.7324934414122158,0.737745408988551,2
1804,15,1,1,2,14.183614075888094,14,1,2,0,1,0,0,2.370067422230533,3.0,african_american,0.7099429816879812,0.6469600871815868,1
1805,16,1,3,3,4.006796421928847,28,1,2,0,0,0,0,0.1525907792336783,4.0,other,0.20051721342477488,0.2903620493973424,0
1806,18,0,2,2,4.220133834150522,5,0,0,0,0,0,0,2.123043126970309,3.0,hispanic,0.2111963450370063,0.1478374415259044,0
1807,18,0,0,1,13.7658599685451,27,1,1,1,0,1,1,0.9220132315429356,4.0,caucasian,0.6890312670130583,0.5573218869091408,3
1808,15,1,0,2,4.394455002207938,16,0,2,0,0,0,1,1.42899323811113,4.0,caucasian,0.21992242208601775,0.30394569546021244,1
1809,16,0,1,0,8.773433936060977,16,1,2,0,1,0,0,1.8934409155419147,4.0,african_american,0.4391230389624154,0.45738612727369077,1
1810,15,0,1,4,15.640036511878828,13,1,2,0,0,0,0,1.9395846660340497,4.0,african_american,0.7828478074987986,0.697993465249159,0
1811,17,1,0,1,15.679050361956818,23,0,3,1,1,0,0,1.511276997165948,4.0,caucasian,0.7848007422201113,0.7743605195540778,2
1812,17,0,2,2,9.065235450517193,24,0,1,0,0,1,0,0.8256041743927887,4.0,hispanic,0.45372988520225077,0.3926109196415755,1
1813,15,0,1,1,15.843798765504902,17,0,0,1,0,0,0,1.7643543086537177,4.0,african_american,0.7930476308744411,0.5551333416121087,1
1814,18,1,2,2,16.772435923961137,24,0,2,1,0,0,0,1.295594900495879,4.0,hispanic,0.8395328597514938,0.7376730018260457,1
1815,18,0,2,2,13.095515025685206,4,0,2,0,0,0,0,2.4737171780781475,3.0,hispanic,0.655475493574895,0.6088328455024264,0
1816,15,0,2,2,4.568517046168403,28,0,2,0,0,1,0,0.0197984850174091,4.0,hispanic,0.22863552803771248,0.3100448696263987,1
1817,15,1,0,1,5.48023560771095,7,0,3,0,0,0,0,2.202958505711277,3.0,caucasian,0.27427385471765886,0.41699169830236116,0
1818,17,0,1,1,6.296823108174707,6,0,3,1,0,0,0,3.0400254359810663,1.0,african_american,0.3151501609385963,0.4456051126570174,1
1819,18,0,0,1,2.33608215467904,22,1,1,1,0,0,0,1.0690799865648395,4.0,caucasian,0.11688548019715692,0.15681983613800982,1
1820,15,1,1,2,5.463192407398902,3,1,4,1,0,0,0,3.9417600224442615,0.0,african_american,0.2734207151893849,0.4913945006325694,1
1821,17,1,0,0,4.190384486250642,17,0,1,0,0,1,0,1.48259597306949,4.0,caucasian,0.20970716787725543,0.22179501751407882,1
1822,18,1,1,2,9.106574996172045,4,0,3,0,1,0,0,3.042275369333665,1.0,african_american,0.4557992383655829,0.544059466855908,1
1823,16,0,0,3,18.168750957445297,15,0,3,0,1,0,0,2.1039665103433465,3.0,caucasian,0.9094288609236676,0.8616002026465672,1
1824,17,1,0,3,2.0896063350791616,13,0,3,0,0,0,0,1.7875223290156508,4.0,caucasian,0.10454752367406618,0.2981832665718463,0
1825,18,0,0,2,14.405358478947912,26,1,1,1,0,0,1,1.1003818825946587,4.0,caucasian,0.7210429460115894,0.5797300622081125,2
1826,18,1,0,2,13.745660088262554,26,0,2,0,0,0,0,0.8545582885805375,4.0,caucasian,0.6880201120644621,0.6316140784451234,0
1827,17,0,2,0,1.9150839732671527,18,0,2,0,1,0,1,1.199651387587034,4.0,hispanic,0.09581137537424837,0.21706796276197385,2
1828,16,1,2,2,18.451448098116,13,1,1,0,0,0,0,2.591940919144186,2.0,hispanic,0.9235799652245249,0.7215059756571673,0
1829,17,1,1,3,11.369444043136392,8,1,0,0,0,0,1,2.28221274517396,3.0,african_american,0.5690727431021411,0.3983509201714987,1
1830,18,1,0,1,7.274510422713685,5,0,2,0,0,0,0,2.754877493270432,2.0,caucasian,0.364090716647231,0.40486350165306173,0
1831,15,1,0,2,15.130771669906132,16,0,2,0,1,0,0,1.9212686469167608,4.0,caucasian,0.7573552967559682,0.6801487077291778,1
1832,15,0,0,3,5.147309168032681,18,0,3,1,0,1,0,1.5835564956915291,4.0,caucasian,0.2576083986708706,0.4053258790696094,2
1833,17,1,0,3,13.870196740926408,11,0,1,0,0,1,0,1.7233856864018513,4.0,caucasian,0.6942541021109999,0.5609778714776998,1
1834,18,1,2,1,0.7942241514449444,3,1,3,1,0,0,0,2.8760550053652034,2.0,hispanic,0.03970396584185925,0.25279277608930145,1
1835,15,0,0,2,16.78816075218544,15,0,1,0,0,0,0,1.8889919304287464,4.0,caucasian,0.8403200049054464,0.6632240034338124,0
1836,18,1,0,1,8.96341694042637,24,0,3,1,1,0,0,1.369369967422703,4.0,caucasian,0.44863310794927,0.539043175564489,2
1837,17,0,0,1,12.733858287158837,10,1,2,0,0,0,0,2.550546233695912,2.0,caucasian,0.6373718713880825,0.5961603099716577,0
1838,15,1,0,3,4.424756396133674,21,1,2,1,1,1,1,1.943573340544709,4.0,caucasian,0.22143923327444057,0.30500746329210837,4
1839,18,1,1,3,13.54147425316896,3,1,3,1,0,0,1,3.3104012689001965,1.0,african_american,0.6777990852712238,0.6994593596898566,2
1840,15,1,1,2,15.444805517865532,16,0,1,0,0,0,0,1.418938674503826,4.0,african_american,0.7730750374152824,0.6161525261906976,0
1841,17,0,0,0,9.464263737687975,7,0,1,0,1,0,0,2.3530546550379574,3.0,caucasian,0.4737042326517842,0.4065929628562489,1
1842,18,1,0,3,12.354538481235886,13,0,2,0,0,1,0,1.7528862062165578,4.0,caucasian,0.6183840806935551,0.5828688564854886,1
1843,15,1,0,2,9.126518476447972,26,0,1,1,0,1,0,0.5139629886917817,4.0,caucasian,0.45679755857793863,0.39475829100455706,2
1844,17,1,0,1,17.88182738515691,1,0,2,0,0,0,0,3.0219548675332906,1.0,caucasian,0.895066192138994,0.7765463344972957,0
1845,15,0,0,2,9.957383610286383,10,0,1,0,1,0,1,1.8347494481922708,4.0,caucasian,0.49838856703666595,0.4238719969256662,2
1846,15,0,3,0,16.83617418057638,10,0,3,0,0,0,0,2.275700147008356,3.0,other,0.8427234357692674,0.8149064050384871,0
1847,16,1,1,2,16.02704116540497,23,1,3,1,1,0,1,1.7676467845806807,4.0,african_american,0.8022202822396907,0.7865541975677834,3
1848,16,0,1,2,8.21009642696713,21,0,0,1,0,1,0,1.353723074286344,4.0,african_american,0.4109237871806007,0.28764665102642045,2
1849,17,1,0,1,4.6016898371495,23,1,3,0,1,0,0,1.0342011685600785,4.0,caucasian,0.23029607410482272,0.3862072518733759,1
1850,16,1,0,1,8.121642651195419,5,0,2,0,0,0,0,2.758341831164698,2.0,caucasian,0.4064960147461841,0.4345472103223288,0
1851,17,1,1,1,16.524347515504402,20,1,2,1,0,0,0,1.7899668741623316,4.0,african_american,0.8271141811062988,0.7289799267744091,1
1852,16,1,1,0,4.552650716387847,20,0,2,1,0,0,0,1.223973606916021,4.0,african_american,0.22784129967352115,0.3094889097714648,1
1853,15,1,2,2,10.488726917154986,13,1,3,0,1,0,1,2.443619105420938,3.0,hispanic,0.5249862699254215,0.592490388947795,2
1854,17,1,0,3,16.12193495921495,29,0,2,0,1,1,0,0.3629570027561279,4.0,caucasian,0.8069704256989529,0.7148792979892671,2
1855,17,1,1,0,7.069549502567575,9,0,3,1,0,0,0,2.251753921949751,3.0,african_american,0.3538308910554121,0.4726816237387884,1
1856,15,0,0,0,12.844192740053948,25,1,1,0,0,0,0,0.9000416924553322,4.0,caucasian,0.6428949352124722,0.5250264546487305,0
1857,17,0,2,2,4.912631480976291,26,0,4,0,0,0,0,0.6566169233161951,4.0,hispanic,0.24586102684128663,0.47210271878890064,0
1858,17,0,1,3,2.1855889073631984,7,0,3,1,0,0,0,2.186426951334845,3.0,african_american,0.10935216863168232,0.3015465180421776,1
1859,16,0,1,1,15.887684501857128,6,1,1,0,0,1,1,2.88313626573597,2.0,african_american,0.7952444399081896,0.6316711079357327,2
1860,17,0,0,1,1.9793724681741365,7,1,3,1,0,0,0,2.877853697636979,2.0,caucasian,0.09902949493009343,0.29432064645106537,1
1861,18,0,1,2,5.427627901591691,27,0,2,0,0,0,0,0.0120634896338959,4.0,african_american,0.27164044592351166,0.34014831214645813,0
1862,15,0,0,1,17.1021884399488,7,0,1,1,0,0,0,2.583738162772638,2.0,caucasian,0.8560394372009176,0.6742276060406422,1
1863,16,1,0,0,6.929385741573344,22,0,1,0,1,0,0,1.1615545310949262,4.0,caucasian,0.3468146474658094,0.31777025322606656,1
1864,16,1,0,2,19.46090699028322,1,0,0,1,0,0,0,3.301690512687678,1.0,caucasian,0.9741109258016113,0.6818776480611278,1
1865,18,1,1,2,19.594686695477197,26,1,3,0,0,0,0,1.5051727733314488,4.0,african_american,0.98080759969455,0.9115653197861849,0
1866,15,1,0,2,5.365520409071134,15,0,2,0,0,0,0,1.385696220554564,4.0,caucasian,0.2685315018343074,0.3379720512840152,0
1867,15,0,0,2,0.819564444997809,8,0,2,0,0,0,1,2.240923948684623,3.0,caucasian,0.04097243688557114,0.17868070581989978,1
1868,16,0,2,2,14.101265684107585,12,1,1,1,0,0,0,2.116723382234456,3.0,hispanic,0.7058208293438537,0.5690745805406976,1
1869,17,1,0,1,9.019730052966874,22,0,2,0,0,0,1,1.0366568343647269,4.0,caucasian,0.45145200002287206,0.4660164000160104,1
1870,16,1,1,1,2.0150568791915258,11,0,2,0,0,0,0,1.6174602067259882,4.0,african_american,0.10081576634770906,0.22057103644339632,0
1871,15,0,0,1,14.150456379560856,26,0,3,0,0,0,0,0.8659455421420207,4.0,caucasian,0.708283191221089,0.7207982338547623,0
1872,18,1,0,1,0.6234981822384245,21,0,4,0,1,0,0,1.320245987222631,4.0,caucasian,0.031157855359897756,0.3218104987519284,1
1873,16,1,2,2,17.403933809844844,24,0,2,1,0,0,1,1.2597646826652291,4.0,hispanic,0.8711440477094251,0.7598008333965975,2
1874,15,1,0,3,2.7730505822660745,28,0,2,1,0,0,0,0.0815731844151463,4.0,caucasian,0.1387590151763051,0.24713131062341354,1
1875,16,1,0,4,2.5462375749345,16,0,2,0,1,1,0,1.6896730848454322,4.0,caucasian,0.12740532933454066,0.23918373053417846,2
1876,17,0,1,2,3.5134459593716905,26,0,3,0,0,0,1,0.4604216497595421,4.0,african_american,0.1758213362894102,0.3480749354025871,1
1877,16,1,1,1,19.205327169841333,1,0,1,1,0,0,0,3.577043897429733,0.0,african_american,0.9613172460081517,0.7479220722057062,1
1878,16,1,1,1,13.86338720507692,12,0,2,1,0,0,0,2.0878721266068734,3.0,african_american,0.6939132339585385,0.6357392637709769,1
1879,15,0,0,3,16.027430709272735,0,0,3,1,0,0,0,3.3695843618327963,1.0,caucasian,0.802239781821078,0.7865678472747546,1
1880,15,0,0,2,7.95269971465506,25,0,0,0,0,0,0,0.0,4.0,caucasian,0.39803915837259735,0.2786274108608181,0
1881,15,1,2,2,6.726254550099111,27,0,1,0,0,0,0,0.0946515916807701,4.0,hispanic,0.3366464134663801,0.31065248942646606,0
1882,16,0,1,2,4.689680135663399,18,0,3,0,1,0,0,1.4053156279015715,4.0,african_american,0.23470064603922433,0.389290452227457,1
1883,17,1,2,2,9.612960566248178,10,0,1,0,0,0,0,1.878264180025782,4.0,hispanic,0.4811476200350801,0.41180333402455604,0
1884,18,1,2,3,11.03657467068337,4,0,2,1,0,0,0,2.871904770418778,2.0,hispanic,0.5524101436964025,0.5366871005874817,1
1885,18,0,2,0,12.635496873055107,0,1,2,0,0,0,0,3.7079480402167513,0.0,hispanic,0.6324481476218663,0.5927137033353064,0
1886,15,1,0,2,5.14237007997389,19,0,2,0,0,1,0,1.1748680910745393,4.0,caucasian,0.257361160406963,0.3301528122848741,1
1887,15,1,0,3,18.97308161805981,29,1,1,1,0,0,0,0.9954496418804064,4.0,caucasian,0.9496916207228263,0.7397841345059784,1
1888,16,1,2,1,3.395169964142717,12,1,4,0,1,0,0,2.5287112567899213,2.0,hispanic,0.16990073892927435,0.418930517250492,1
1889,18,1,0,2,19.313063495328247,7,0,0,1,1,0,0,2.5968344902614566,2.0,caucasian,0.9667102541416595,0.6766971778991616,2
1890,15,0,0,1,0.2971224501500757,5,0,3,0,0,0,0,2.46060677377515,3.0,caucasian,0.014820311177125742,0.23537421782398799,0
1891,17,0,2,4,9.622513836336912,28,1,0,0,0,0,0,0.5477807235419316,4.0,hispanic,0.48162583258834185,0.33713808281183927,0
1892,17,1,2,0,6.667356762331256,16,0,2,0,1,0,0,1.803054426736249,4.0,hispanic,0.33369813908406665,0.3835886973588466,1
1893,15,0,0,2,8.982468278605015,11,1,1,0,0,0,0,2.309975847769393,3.0,caucasian,0.4495867697832642,0.3897107388482849,0
1894,15,1,0,1,11.41329157961578,0,0,1,0,0,0,0,3.0933639433242823,1.0,caucasian,0.5712676399468115,0.47488734796276805,0
1895,18,1,0,2,8.71178316025418,2,0,1,0,0,0,0,2.615900723686996,2.0,caucasian,0.4360369569574793,0.3802258698702355,0
1896,18,1,2,1,8.2969370060319,13,0,2,0,1,0,0,2.27691831821056,3.0,hispanic,0.41527080706547415,0.4406895649458319,1
1897,16,1,3,1,14.65446830826613,25,0,2,1,0,0,0,1.0515315263472127,4.0,other,0.7335127544033098,0.6634589280823169,1
1898,18,1,0,2,13.717525501729291,7,0,1,0,1,0,0,2.747706159044371,2.0,caucasian,0.6866117657771629,0.555628236044014,1
1899,17,0,0,3,16.665425640716958,10,0,4,0,0,0,0,2.6216701040126886,2.0,caucasian,0.8341761954574726,0.8839233368202308,0
1900,17,1,2,1,4.999179624789911,26,1,1,0,0,0,0,0.2432980938442744,4.0,hispanic,0.25019340815666324,0.25013538570966426,0
1901,15,0,0,1,12.190570195081271,13,1,2,0,0,0,0,2.1947065208246226,3.0,caucasian,0.610176242744074,0.5771233699208518,0
1902,18,0,1,2,11.703895707857075,7,0,1,0,0,0,1,2.639906487707337,2.0,african_american,0.5858145480593084,0.4850701836415159,1
1903,16,1,3,2,7.394756217453775,28,1,2,0,1,0,0,0.8334934182533646,4.0,other,0.3701099171919179,0.40907694203434253,1
1904,17,1,0,3,9.721150838053616,2,1,3,0,0,0,0,3.402401590802249,1.0,caucasian,0.48656335157387287,0.565594346101711,0
1905,17,1,1,1,6.275642866114575,6,1,2,0,0,1,0,2.6162916954361832,2.0,african_american,0.3140899315574316,0.3698629520902021,1
1906,16,1,0,2,2.836887952339704,27,0,1,0,0,0,0,0.3397153849684515,4.0,caucasian,0.1419545525632808,0.17436818679429655,0
1907,16,1,0,1,4.276024213254656,18,1,1,1,0,0,1,1.6977287802151977,4.0,caucasian,0.21399407614330834,0.22479585330031582,2
1908,17,0,2,1,2.1102729280240218,3,0,3,0,0,0,0,2.356856806870208,3.0,hispanic,0.10558204107884865,0.29890742875519405,0
1909,17,1,0,2,13.661391503802482,24,0,1,0,0,0,0,0.8456248398851254,4.0,caucasian,0.6838018397283824,0.5536612878098676,0
1910,16,1,3,2,13.21454786218303,15,1,2,1,0,1,0,2.246545273169087,3.0,other,0.6614339764959152,0.6130037835471406,2
1911,17,0,1,2,19.012127431597456,12,0,1,1,1,0,0,2.478699182829052,3.0,african_american,0.9516461554541369,0.7411523088178957,2
1912,15,0,0,1,14.593568272944824,19,0,1,1,0,1,1,1.3742882826190426,4.0,caucasian,0.7304642525694636,0.5863249767986244,3
1913,15,1,0,2,1.040916775122629,18,1,1,0,1,0,0,1.3553810454285826,4.0,caucasian,0.05205277502907884,0.11143694252035519,1
1914,16,0,0,2,17.684903478579084,4,0,3,1,0,0,0,3.060490750087925,1.0,caucasian,0.885208679131598,0.8446460753921186,1
1915,18,1,0,4,17.253503258914517,22,1,3,1,0,0,0,1.5569571221233611,4.0,caucasian,0.8636138745665344,0.829529712196574,1
1916,16,0,0,1,8.866406415453973,4,1,2,1,0,0,0,3.219531247903172,1.0,caucasian,0.44377700627838534,0.4606439043948697,1
1917,16,0,0,1,11.717261010558431,19,0,1,0,1,0,0,1.150153548429549,4.0,caucasian,0.586483581329651,0.4855385069307557,1
1918,18,1,0,1,19.521566649450374,23,0,2,0,0,1,1,1.3214293024924364,4.0,caucasian,0.9771473950127688,0.8340031765089382,2
1919,18,0,2,2,10.646087276963325,3,1,2,1,1,0,0,3.4913265883378144,1.0,hispanic,0.5328633317845726,0.5230043322492007,2
1920,18,0,1,1,18.1064365675218,1,0,2,0,0,1,1,3.869586724204369,0.0,african_american,0.9063095600734375,0.7844166920514063,2
1921,15,0,2,3,1.6607751562037287,25,1,0,0,0,0,1,0.1704636132529806,4.0,hispanic,0.08308131879725542,0.058156923158078785,1
1922,17,0,0,1,3.821037374173657,12,1,4,0,0,0,0,2.197387290025697,3.0,caucasian,0.19121858502911784,0.43385300952038247,0
1923,15,0,0,3,8.815098868826357,29,0,2,0,0,0,0,0.0211555827545139,4.0,caucasian,0.4412086801820339,0.4588460761274237,0
1924,17,0,1,1,11.695136166746094,15,0,4,0,0,1,0,2.386799507281263,3.0,african_american,0.5853760675723991,0.7097632473006794,1
1925,15,1,0,2,16.324557037256003,21,1,0,0,1,0,0,1.3610312878747248,4.0,caucasian,0.8171131747667809,0.5719792223367466,1
1926,17,1,0,3,19.765242302863737,1,0,1,1,1,0,0,3.5106808899730706,0.0,caucasian,0.9893451822944194,0.7675416276060935,2
1927,15,0,2,1,7.777029929482328,18,0,1,0,1,0,0,1.4373707502913808,4.0,hispanic,0.3892455729596333,0.3474719010717433,1
1928,18,1,2,4,0.9483127228016984,16,1,3,0,1,1,0,1.8044174585321688,4.0,hispanic,0.04741725024107962,0.2581920751687557,2
1929,16,1,1,2,16.023430065906496,4,1,2,1,1,0,0,3.262269864334146,1.0,african_american,0.8020395197264142,0.7114276638084899,2
1930,15,1,0,3,12.087614381656165,24,0,3,0,1,0,0,1.169658238097338,4.0,caucasian,0.6050225349608906,0.6485157744726234,1
1931,17,0,2,2,3.970857177364033,17,0,3,0,0,0,0,1.4015509339508203,4.0,hispanic,0.1987181856839067,0.36410272997873466,0
1932,18,1,1,1,9.896569132428404,27,0,3,0,0,1,0,0.5496018253589585,4.0,african_american,0.4953443479931741,0.5717410435952218,1
1933,15,0,2,1,14.846204910674489,22,1,3,0,0,0,0,1.5165082679194366,4.0,hispanic,0.7431106040757027,0.7451774228529918,0
1934,15,1,2,1,15.408235741372875,20,1,3,0,0,0,0,2.0322195117185347,3.0,hispanic,0.7712444468398741,0.7648711127879119,0
1935,18,0,2,0,9.99236823997524,17,1,3,1,1,0,0,2.289299775238682,3.0,hispanic,0.5001398091697817,0.5750978664188472,2
1936,15,0,1,1,6.104290602577183,7,0,2,1,0,0,0,2.086687740995232,3.0,african_american,0.3055124703643232,0.36385872925502627,1
1937,16,1,0,1,19.47485164076987,26,1,3,1,0,0,1,1.6676669904535018,4.0,caucasian,0.9748089597576939,0.9073662718303857,2
1938,15,1,1,2,13.267252219129857,14,1,3,0,0,0,0,2.595889050696416,2.0,african_american,0.6640722233861903,0.6898505563703332,0
1939,16,0,1,2,8.164750386925974,12,0,2,0,0,0,0,1.9507691766596456,4.0,african_american,0.4086538790353296,0.4360577153247307,0
1940,16,1,2,1,5.609264484093048,12,0,4,0,0,0,0,2.1025418985543585,3.0,hispanic,0.28073271412873574,0.496512899890115,0
1941,18,1,0,1,14.622059660071242,15,1,0,0,0,0,0,1.3791671997209602,4.0,caucasian,0.7318904593925871,0.512323321574811,0
1942,15,1,0,2,4.843668911875354,21,0,2,0,0,0,0,0.6721996800613397,4.0,caucasian,0.24240893494574386,0.3196862544620207,0
1943,18,0,2,1,3.4341997794737638,19,0,1,1,0,1,0,1.1416385674703,4.0,hispanic,0.17185447283080046,0.19529813098156032,2
1944,15,0,2,0,10.596677779241404,12,0,1,0,0,0,1,1.6210121147431664,4.0,hispanic,0.5303900172188256,0.44627301205317793,1
1945,15,1,3,1,5.799747852882837,19,0,3,0,0,0,1,1.1221109734183077,4.0,other,0.29026783009392654,0.42818748106574855,1
1946,17,1,2,3,12.5781028984723,1,0,4,0,0,0,0,3.402044108383005,1.0,hispanic,0.629575150326474,0.7407026052285317,0
1947,15,1,1,3,2.3587734974846697,2,0,3,0,0,0,0,2.683854738684956,2.0,african_american,0.11802135146209841,0.30761494602346884,0
1948,18,0,1,1,13.098822091346433,14,1,4,1,0,1,0,2.996856278708232,2.0,african_american,0.6556410369227716,0.7589487258459401,2
1949,16,0,2,2,5.665930559954044,22,1,1,1,1,0,0,1.2848657108072905,4.0,hispanic,0.28356927465399173,0.2734984922577942,2
1950,15,1,1,2,0.0048586886902546,18,1,1,0,0,0,0,1.2010533026138683,4.0,african_american,0.00019032602069129524,0.0751332282144839,0
1951,17,1,1,2,2.5387211534835274,12,0,2,0,1,0,0,1.978021718438136,4.0,african_american,0.1270290762756326,0.23892035339294282,1
1952,18,1,0,2,18.67230755670188,4,1,3,1,1,0,1,3.836698640240594,0.0,caucasian,0.934635631464603,0.8792449420252221,3
1953,15,1,0,2,17.347092782307158,25,1,0,1,1,0,0,1.1799034066853449,4.0,caucasian,0.8682987295454516,0.6078091106818161,2
1954,18,1,2,1,4.672180640724736,21,0,4,1,0,0,0,1.5400594595413652,4.0,hispanic,0.2338246655552979,0.4636772658887085,1
1955,17,1,0,0,15.567438090909825,5,0,3,0,0,0,1,3.158858262221248,1.0,caucasian,0.779213714048923,0.7704495998342461,1
1956,17,0,0,2,12.171431863479484,13,0,4,0,0,0,1,1.7524968355129966,4.0,caucasian,0.6092182262392069,0.7264527583674447,1
1957,18,1,0,3,19.41809422899739,3,1,2,0,0,0,0,3.045113482146093,1.0,caucasian,0.9719678271875747,0.8303774790313022,0
1958,15,0,0,2,7.472113190681182,21,0,2,0,1,1,0,1.1656039458580214,4.0,caucasian,0.37398221173986596,0.4117875482179062,2
1959,16,1,0,3,13.629212250343423,18,1,3,1,0,0,0,1.7857607910876625,4.0,caucasian,0.6821910276383042,0.7025337193468129,1
1960,17,1,0,4,1.2707144484783717,22,0,3,0,1,0,0,0.8411087173537893,4.0,caucasian,0.06355586570780423,0.26948910599546294,1
1961,15,0,3,1,7.924946936328119,6,0,1,0,1,0,0,2.397182557625913,3.0,other,0.3966499244390268,0.35265494710731876,1
1962,15,0,1,2,19.27635322376361,3,1,4,0,0,0,0,3.576909015459067,0.0,african_american,0.9648726307380711,0.9754108415166496,0
1963,16,0,0,2,10.779617489002412,1,0,3,1,0,1,0,3.2251582751891634,1.0,caucasian,0.5395475166808104,0.6026832616765672,2
1964,17,0,0,4,5.757590066696892,26,0,0,0,0,0,0,0.0,4.0,caucasian,0.28815751787783844,0.2017102625144869,0
1965,17,1,1,4,2.405419262572137,6,1,1,0,0,1,0,2.8066977641918256,2.0,african_american,0.12035632055793,0.159249424390551,1
1966,15,0,0,2,14.070566803630609,2,1,2,1,0,0,0,3.421837670026282,1.0,caucasian,0.7042841209833851,0.6429988846883695,1
1967,15,1,2,1,12.897120868594536,14,0,2,0,1,0,1,2.1053092787971117,3.0,hispanic,0.6455443835431135,0.6018810684801794,2
1968,16,0,1,2,7.478774272075492,0,0,3,0,0,0,0,3.1609020911559265,1.0,african_american,0.3743156486375429,0.48702095404628,0
1969,16,1,2,1,19.018827037316687,1,0,0,0,0,0,0,2.993541560404552,2.0,hispanic,0.9519815207821432,0.6663870645475002,0
1970,17,1,0,2,0.4440562597570063,9,1,3,1,0,0,0,2.490220425623977,3.0,caucasian,0.022175446287926268,0.24052281240154835,1
1971,18,1,1,3,6.074477032636516,15,0,3,1,0,1,0,2.1308327796408117,3.0,african_american,0.30402007841154177,0.43781405488807923,2
1972,17,1,0,1,18.421389725991627,24,0,1,1,0,0,1,0.8384648733197381,4.0,caucasian,0.9220753190932028,0.7204527233652419,2
1973,15,1,3,2,6.418708766388807,27,0,2,1,0,1,0,0.6767710334068527,4.0,other,0.3212514489037814,0.37487601423264694,2
1974,17,1,1,2,5.045056677103408,14,1,1,1,0,0,0,1.7359565115853166,4.0,african_american,0.2524898974340713,0.2517429282038499,1
1975,18,0,0,2,10.684408198624949,23,1,1,1,0,0,0,1.254572618142762,4.0,caucasian,0.5347815802608468,0.4493471061825927,1
1976,16,1,0,1,16.476034998410757,14,1,2,0,0,0,0,1.9226882349760128,4.0,caucasian,0.8246957786180136,0.7272870450326094,0
1977,18,0,0,2,2.062935217567221,13,0,4,1,0,0,0,2.191998419606377,3.0,caucasian,0.1032124349468281,0.37224870446277963,1
1978,18,0,1,3,18.860414192914725,21,1,1,0,1,1,0,1.757523486205053,4.0,african_american,0.9440517742045542,0.7358362419431879,2
1979,18,1,0,3,15.90145762362328,13,0,2,1,0,0,0,1.9241023198927736,4.0,caucasian,0.7959338875700895,0.7071537212990626,1
1980,16,0,1,1,3.625005111031039,5,0,1,1,0,0,0,2.8079741296204626,2.0,african_american,0.18140570543832044,0.2019839938068243,1
1981,18,1,0,3,14.240159223963254,13,1,1,0,0,0,0,2.138772677122642,3.0,caucasian,0.712773488873942,0.5739414422117594,0
1982,18,0,1,2,7.6991744527511425,16,0,2,0,0,1,0,1.3638410472397342,4.0,african_american,0.3853483245863314,0.4197438272104319,1
1983,18,1,2,1,8.045893561526373,17,0,3,0,1,0,0,1.722726052159269,4.0,hispanic,0.4027042067849911,0.5068929447494936,1
1984,15,0,2,0,15.665801848777328,19,1,0,0,1,0,0,1.1921084719956991,4.0,hispanic,0.7841375551380295,0.5488962885966207,1
1985,18,1,2,1,19.255696159614644,18,0,4,0,0,0,0,1.5347823896807868,4.0,hispanic,0.9638385903207255,0.9746870132245078,0
1986,16,1,0,3,2.5331174569438786,29,0,0,0,1,0,0,0.1152432109582913,4.0,caucasian,0.12674856939107482,0.08872399857375236,1
1987,18,1,0,2,8.412604737576387,16,0,3,0,1,0,0,1.562359564441758,4.0,caucasian,0.4210608413383579,0.5197425889368505,1
1988,18,1,1,2,9.61883216168607,15,0,3,1,0,0,0,2.096032624938282,3.0,african_american,0.48144153726132766,0.5620090760829293,1
1989,16,0,0,1,7.526236339099952,7,1,2,0,1,0,0,3.009238322704304,1.0,caucasian,0.3766914797450098,0.4136840358215068,1
1990,18,1,0,2,7.2637824743245,6,0,1,0,0,0,0,2.071108064884564,3.0,caucasian,0.3635537026674313,0.3294875918672019,0
1991,16,0,0,0,1.0453733512319308,19,1,2,0,0,1,0,1.7473564518959883,4.0,caucasian,0.05227585996441924,0.18659310197509346,1
1992,18,0,0,1,13.710772411252464,27,0,3,1,1,0,0,1.0798673690024294,4.0,caucasian,0.6862737231373824,0.7053916061961676,2
1993,16,0,0,2,8.724288342400907,11,0,3,0,0,1,0,2.271400211003181,3.0,caucasian,0.436662934766946,0.5306640543368621,1
1994,18,1,2,1,3.8958760528785352,8,0,2,0,1,0,0,2.117233031215417,3.0,hispanic,0.19496482011865032,0.28647537408305523,1
1995,18,0,0,3,16.320670046041368,26,1,2,0,0,0,0,0.7435923583787316,4.0,caucasian,0.8169186018115528,0.721843021268087,0
1996,15,0,1,1,16.051214963032557,13,0,3,0,1,0,0,1.892745844623002,4.0,african_american,0.8034303614458834,0.7874012530121184,1
1997,15,0,0,2,9.727832561777875,19,1,4,0,0,0,0,1.58646418895305,4.0,caucasian,0.4868978217744104,0.6408284752420872,0
1998,18,1,1,2,5.96901322295521,0,0,3,0,0,1,0,3.512322894833646,0.0,african_american,0.29874082667512475,0.4341185786725873,1
1999,18,1,0,2,12.761854515929048,9,1,3,0,0,1,0,2.629211521173767,2.0,caucasian,0.6387732918354843,0.672141304284839,1
2000,17,0,2,1,5.763042715548061,16,1,2,1,1,0,0,1.836642800001118,4.0,hispanic,0.2884304636969075,0.35190132458783524,2
2001,16,1,2,0,4.720158606474241,16,1,3,1,0,1,0,1.834359140428028,4.0,hispanic,0.23622632124892612,0.3903584248742482,2
2002,17,1,0,3,14.610293080526532,16,1,3,0,0,0,1,1.7660559772918876,4.0,caucasian,0.7313014541624441,0.7369110179137108,1
2003,15,0,3,1,0.806504794419014,3,0,3,1,0,1,1,3.201710217015248,1.0,other,0.040318703787900534,0.25322309265153037,3
2004,15,0,3,3,1.8953694206918792,16,1,2,0,0,0,0,1.263890771933725,4.0,other,0.09482451470393688,0.2163771602927558,0
2005,15,1,2,4,0.1357634804717955,17,0,2,0,1,1,1,1.4277243762746905,4.0,hispanic,0.006743089014995563,0.1547201623104969,3
2006,15,0,2,1,3.058863729508523,19,0,2,0,0,1,1,1.0707079518820537,4.0,hispanic,0.15306609888995146,0.257146269222966,2
2007,18,1,0,1,1.3798001742091892,22,0,2,0,0,0,1,0.8327175057955102,4.0,caucasian,0.06901642140670206,0.19831149498469142,1
2008,15,1,1,2,19.916047355598373,1,0,2,0,0,0,0,3.1302227945215697,1.0,african_american,0.996894102051022,0.8478258714357154,0
2009,18,1,0,4,5.776199399081792,7,0,3,1,0,0,0,2.537098950572448,2.0,caucasian,0.28908905401903623,0.42736233781332533,1
2010,18,1,0,3,2.985360253384945,12,0,2,1,0,0,0,1.671076181781797,4.0,caucasian,0.14938670066670606,0.2545706904666942,1
2011,15,1,3,2,4.819925159918359,22,0,1,0,1,1,0,0.8165506596743497,4.0,other,0.2412203827388133,0.2438542679171693,2
2012,15,1,0,2,18.72251143080269,24,0,3,0,1,0,0,1.1314027355141834,4.0,caucasian,0.937148710503967,0.8810040973527768,1
2013,16,0,2,1,10.403204460487911,29,0,3,0,0,0,0,0.3331542282930413,4.0,hispanic,0.5207052319160167,0.5894936623412117,0
2014,17,0,2,4,7.296361926157138,21,1,2,0,0,0,0,1.4890630202510051,4.0,hispanic,0.3651845476765269,0.4056291833735688,0
2015,15,1,2,4,17.467829158184387,19,1,1,0,1,0,0,1.6833300315712254,4.0,hispanic,0.8743424873418433,0.6870397411392902,1
2016,16,1,3,1,7.899805410980649,21,1,4,1,0,0,0,1.921942133736121,4.0,other,0.3953914032292593,0.5767739822604815,1
2017,16,1,0,1,6.700171399153916,14,0,3,0,0,0,0,1.9400069221827017,4.0,caucasian,0.33534075685929604,0.4597385298015072,0
2018,17,0,0,1,4.145650450994712,19,0,1,1,0,0,0,1.0658486732058416,4.0,caucasian,0.20746789514459524,0.22022752660121664,1
2019,18,1,0,1,7.555936478188229,22,1,0,0,0,0,0,0.9689861311254953,4.0,caucasian,0.37817819363603483,0.26472473554522435,0
2020,15,0,0,3,6.333687120338521,8,1,2,1,0,0,0,2.686144990139594,2.0,caucasian,0.316995480207976,0.3718968361455832,1
2021,17,1,0,1,13.54607918596282,2,1,3,1,1,0,0,3.520612391633881,0.0,caucasian,0.6780295965671984,0.6996207175970388,2
2022,15,1,0,0,5.791654093414542,2,0,1,1,0,0,0,2.8159732956810704,2.0,caucasian,0.2898626769531832,0.2779038738672282,1
2023,16,0,2,1,11.543994928451228,1,0,2,1,1,0,0,3.487510668221957,1.0,hispanic,0.5778103192164129,0.554467223451489,2
2024,16,0,1,4,1.317843300639454,0,1,2,0,0,1,0,3.5921289778598062,0.0,african_american,0.06591501692146305,0.19614051184502412,1
2025,18,1,0,2,3.8257831339302872,13,0,3,0,0,0,0,1.5784416654580549,4.0,caucasian,0.19145614576688672,0.35901930203682064,0
2026,16,1,1,2,8.148105432226975,16,0,2,1,0,1,0,1.8860081741258312,4.0,african_american,0.40782067467581706,0.4354744722730719,2
2027,16,1,0,1,18.738985078173908,12,1,2,0,1,0,0,2.366010872187284,3.0,caucasian,0.9379733396516569,0.8065813377561598,1
2028,17,0,0,4,7.545039714313908,18,1,4,1,0,1,0,2.434934378846439,3.0,caucasian,0.37763272917975665,0.5643429104258296,2
2029,15,0,2,3,13.281482423996682,29,0,1,0,0,0,0,0.3931864713624303,4.0,hispanic,0.6647845514727612,0.5403491860309327,0
2030,15,0,1,1,5.101744448427963,22,0,1,0,1,1,0,0.7132676650608875,4.0,african_american,0.2553275439793944,0.25372928078557605,2
2031,17,0,2,0,2.5406715194646345,14,1,3,0,1,1,0,2.574449970243328,2.0,hispanic,0.12712670666679257,0.3139886946667548,2
2032,18,0,0,0,1.1707320016010023,26,0,1,1,1,0,0,0.7005398668998437,4.0,caucasian,0.058550997138352795,0.11598569799684695,2
2033,15,0,2,1,6.1082699708550265,24,1,3,1,0,1,0,1.586289237455222,4.0,hispanic,0.30571166748183803,0.4389981672372866,2
2034,16,1,1,2,3.1532205359381598,13,1,0,0,1,0,0,2.058575292693283,3.0,african_american,0.1577893621182731,0.11045255348279116,1
2035,15,1,1,3,3.480208960322484,1,1,1,0,0,0,0,3.1296400506375512,1.0,african_american,0.1741575761287063,0.1969103032900944,0
2036,16,0,1,2,15.215186167739,6,1,4,1,1,0,0,3.539198711532371,0.0,african_american,0.7615808731466714,0.8331066112026699,2
2037,18,1,2,3,0.3167614188974843,16,0,2,1,1,1,0,2.05996665628182,3.0,hispanic,0.015803388312064234,0.16106237181844496,3
2038,17,1,1,2,11.156202514708689,17,0,3,0,1,1,1,1.756035494723187,4.0,african_american,0.5583984111902747,0.6158788878331922,3
2039,15,0,1,2,7.589227611869296,5,0,1,1,1,0,0,2.6226010520500767,2.0,african_american,0.3798446636395759,0.34089126454770313,2
2040,17,1,3,2,10.130999998170944,26,0,1,0,0,0,0,0.2628611666623931,4.0,other,0.5070793645716661,0.42995555520016626,0
2041,15,0,2,1,11.256604744292058,20,0,3,0,1,1,0,1.704415088568228,4.0,hispanic,0.5634242930209222,0.6193970051146456,2
2042,16,0,0,1,6.267353889145564,7,0,2,0,0,0,0,2.1044499314712546,3.0,caucasian,0.3136750063220451,0.36957250442543155,0
2043,17,1,2,2,5.902177203685706,27,1,2,1,1,1,0,0.8375123196439725,4.0,hispanic,0.2953951844889571,0.35677662914226993,3
2044,15,0,0,0,14.668036986698114,26,0,0,1,1,0,0,0.556828032953946,4.0,caucasian,0.7341919681486637,0.5139343777040646,2
2045,16,0,0,1,17.425539762423142,1,0,2,1,0,0,0,3.3501309740346112,1.0,caucasian,0.8722255870830794,0.7605579109581556,1
2046,17,0,1,2,3.8516326491705577,0,0,3,1,0,0,0,3.279646224162432,1.0,african_american,0.1927501071611329,0.359925075012793,1
2047,17,0,3,4,1.952375210702979,15,0,3,0,1,0,0,1.5563289566907113,4.0,other,0.09767808046086655,0.29337465632260656,1
2048,15,0,3,2,17.955916127840517,6,0,3,1,0,0,1,2.8463787534192235,2.0,other,0.8987748873268819,0.8541424211288173,2
2049,15,0,0,3,6.9979092729479735,21,0,3,0,0,0,0,1.137899800685294,4.0,caucasian,0.3502447622425096,0.4701713335697567,0
2050,15,0,1,2,11.026347813256285,23,0,2,1,0,0,0,1.3917877793457225,4.0,african_american,0.5518982130635799,0.5363287491445059,1
2051,16,0,0,2,7.190862890400069,10,1,2,0,0,0,0,2.182795221152233,3.0,caucasian,0.35990353261179664,0.4019324728282576,0
2052,15,1,3,2,2.5160467269210263,14,1,3,1,0,0,0,2.2538711785078176,3.0,other,0.12589405179506366,0.31312583625654455,1
2053,17,1,3,3,11.78663289895456,12,1,1,1,0,0,0,2.2540200372432717,3.0,other,0.5899561627144927,0.48796931390014486,1
2054,17,1,1,2,10.502817035392592,29,0,1,1,0,0,0,0.3925490106038808,4.0,african_american,0.5256915856294245,0.44298410994059717,1
2055,15,0,2,2,4.059871183823944,23,0,4,1,1,0,0,1.484857697467839,4.0,hispanic,0.20317400185050416,0.4422218012953529,2
2056,15,0,2,2,9.037380893045556,1,0,0,0,0,0,0,2.672093364300088,2.0,hispanic,0.4523355564619594,0.31663488952337154,0
2057,18,1,1,2,15.938950080312916,13,0,1,1,0,0,0,1.83151128144078,4.0,african_american,0.7978106651839404,0.6334674656287582,1
2058,17,1,0,1,11.808522062157827,23,0,2,0,0,1,0,0.7581829737450007,4.0,caucasian,0.591051878896174,0.5637363152273218,1
2059,16,1,0,0,1.938346541339897,5,0,3,1,0,0,0,2.9381754672014475,2.0,caucasian,0.09697584073220067,0.2928830885125404,1
2060,18,0,1,0,10.9604299445827,8,1,2,1,0,1,0,3.0549241250380565,1.0,african_american,0.5485985311754751,0.5340189718228325,2
2061,15,1,1,3,14.054765985791738,27,0,2,0,1,0,0,0.9175822003619482,4.0,african_american,0.7034931719814029,0.642445220386982,1
2062,15,1,0,1,15.854068115615028,6,0,4,1,0,1,0,3.4608846527317176,1.0,caucasian,0.7935616885835698,0.8554931820084988,2
2063,17,0,3,1,12.582351572685337,17,0,3,0,0,0,0,1.84190774937114,4.0,other,0.6297878282183919,0.6658514797528743,0
2064,15,1,0,2,3.0531632908156747,23,0,3,1,1,0,0,1.185985514478241,4.0,caucasian,0.15278074933773542,0.33194652453641477,2
2065,16,0,1,1,14.203465331803214,8,1,0,1,0,1,0,2.4222306855709315,3.0,african_american,0.7109366853819463,0.4976556797673624,2
2066,17,0,1,2,13.546836921630328,22,0,1,0,0,0,0,0.9126606733812742,4.0,african_american,0.6780675268994188,0.5496472688295931,0
2067,15,0,1,1,0.4885376588126644,3,0,2,0,1,0,0,3.073304472562818,1.0,african_american,0.02440207269097822,0.16708145088368476,1
2068,17,1,1,4,8.234953351804863,8,0,1,0,0,0,0,2.1672829561454443,3.0,african_american,0.4121680620082229,0.36351764340575604,0
2069,15,1,0,3,6.659004939247466,3,0,0,1,1,0,0,2.5538644982316425,2.0,caucasian,0.3332800679310277,0.23329604755171937,2
2070,15,0,0,3,13.38824128507287,11,0,1,1,0,1,0,2.4486025189472542,3.0,caucasian,0.6701286302085615,0.544090041145993,2
2071,15,1,1,2,4.322716246218414,3,1,2,0,0,1,0,3.4632393046516823,1.0,african_american,0.21633136129207775,0.3014319529044544,1
2072,16,1,1,2,11.817438459485173,24,1,3,1,1,0,0,1.442868859303521,4.0,african_american,0.5914982112087959,0.6390487478461571,2
2073,16,1,0,1,18.26411923628345,29,1,3,0,0,0,0,0.9131278090050235,4.0,caucasian,0.9142027559041052,0.8649419291328736,0
2074,17,1,2,0,15.956047444172157,23,0,0,0,0,1,0,0.923753224971706,4.0,hispanic,0.7986665160024801,0.559066561201736,1
2075,15,0,0,0,18.42915472433061,19,0,2,0,1,1,0,1.8435970826083627,4.0,caucasian,0.9224640152828077,0.7957248106979654,2
2076,15,1,1,2,19.5701193386538,13,0,1,0,0,0,0,2.0966454405051325,3.0,african_american,0.9795778199097972,0.7607044739368579,0
2077,16,0,2,2,0.2134025401232553,23,1,2,0,1,0,0,0.875367123899009,4.0,hispanic,0.010629504096314283,0.15744065286741998,1
2078,15,0,0,2,12.454825527549552,23,1,2,0,1,0,0,1.4490003209615303,4.0,caucasian,0.623404196740865,0.5863829377186055,1
2079,16,1,0,0,8.25678795517813,6,1,2,0,0,1,0,3.0811935547787432,1.0,caucasian,0.4132610470627229,0.43928273294390596,1
2080,15,0,2,2,17.197089806702436,25,0,3,1,0,0,0,1.118752405383704,4.0,hispanic,0.8607899597425975,0.8275529718198182,1
2081,17,1,1,2,5.036294040182634,12,0,3,0,0,0,0,2.0622007000872045,3.0,african_american,0.25205126197874894,0.40143588338512426,0
2082,15,1,1,2,19.62058978230152,21,0,3,0,1,0,0,1.5629116353425707,4.0,african_american,0.9821042427468832,0.9124729699228182,1
2083,15,0,2,2,12.274159390874946,7,0,3,0,0,1,0,2.49283810766837,3.0,hispanic,0.6143605066007748,0.6550523546205422,1
2084,18,0,2,1,15.87074804457662,22,0,3,0,0,1,0,1.1001720410942128,4.0,hispanic,0.794396643666265,0.7810776505663855,1
2085,16,0,3,3,1.7119910564553664,4,0,3,0,0,0,0,2.693598515909963,2.0,other,0.0856450573076759,0.2849515401153731,0
2086,15,0,1,2,3.669157695177301,11,1,2,0,0,0,0,1.6848422066992197,4.0,african_american,0.183615872198139,0.2785311105386973,0
2087,15,1,0,1,15.168073460684065,12,0,2,1,0,1,0,2.423585366966065,3.0,caucasian,0.7592225301162171,0.6814557710813519,2
2088,18,1,0,1,0.4397304407864721,28,0,3,1,1,0,0,0.4050526130408124,4.0,caucasian,0.021958906724443512,0.24037123470711044,2
2089,18,1,0,2,16.337559717875656,19,0,0,0,0,0,0,0.6513407024247787,4.0,caucasian,0.8177640560922973,0.572434839264608,0
2090,16,0,1,3,0.278980373838229,13,0,3,0,0,0,0,1.7948597502988235,4.0,african_american,0.013912164693882362,0.23473851528571762,0
2091,18,0,0,2,13.142376781225469,27,1,4,0,1,0,0,0.9636319307546236,4.0,caucasian,0.6578212746068439,0.7604748922247907,1
2092,17,0,3,1,7.301878404636117,17,0,3,0,0,0,0,1.9307827968987483,4.0,other,0.3654606886454248,0.48082248205179734,0
2093,18,1,1,3,12.229897054383985,26,0,0,1,1,0,0,0.9943347506957514,4.0,african_american,0.6121448459159968,0.42850139214119776,2
2094,17,0,1,2,13.920628139782274,23,1,2,1,0,0,0,1.3543270341452454,4.0,african_american,0.6967785704644976,0.6377449993251483,1
2095,16,1,0,2,6.849504383726083,24,0,3,1,0,1,0,0.7035731437813568,4.0,caucasian,0.34281598860456736,0.46497119202319714,2
2096,16,0,0,2,2.159248962216711,19,0,4,0,1,0,0,1.523945155165538,4.0,caucasian,0.108033657555969,0.3756235602891783,1
2097,16,1,0,1,1.3929173549653129,3,1,2,1,0,0,0,3.358694269179903,1.0,caucasian,0.06967303431963323,0.19877112402374325,1
2098,16,1,0,2,11.778720451250956,20,1,3,0,0,0,0,1.76569517319031,4.0,caucasian,0.589560085582396,0.6376920599076772,0
2099,16,0,0,1,10.41310707468223,17,0,3,0,0,0,0,1.787402596174887,4.0,caucasian,0.5212009317521824,0.5898406522265276,0
2100,17,0,1,4,14.84402018242265,6,0,1,0,1,1,1,3.154023245749205,1.0,african_american,0.7430012421016571,0.5951008694711599,3
2101,17,1,2,2,10.194710200078742,14,0,3,1,1,0,1,2.005144712913381,3.0,hispanic,0.5102685362416977,0.5821879753691883,3
2102,16,1,2,2,8.448915800617582,20,1,2,1,0,0,0,1.7207596503292208,4.0,hispanic,0.42287848137232453,0.4460149369606271,1
2103,18,0,1,2,7.9617435647246175,5,0,2,0,1,0,1,3.127056224068401,1.0,african_american,0.3984918706473377,0.42894430945313633,2
2104,15,0,0,3,0.5289380519533493,15,1,2,0,0,0,0,1.441918756451196,4.0,caucasian,0.026424414253305616,0.1684970899773139,0
2105,16,1,2,3,6.711144033933143,19,1,3,1,0,0,1,1.6209212385063754,4.0,hispanic,0.33589001922129824,0.4601230134549087,2
2106,18,0,2,2,19.520403150489884,23,1,3,1,1,0,0,2.1962173498725552,3.0,hispanic,0.9770891531957318,0.9089624072370122,2
2107,15,1,0,2,17.471111524541776,7,0,2,0,1,0,0,3.1030753433789715,1.0,caucasian,0.8745067943050012,0.7621547560135008,1
2108,16,1,2,2,6.587561340684354,27,0,3,1,0,0,0,0.473623395542819,4.0,hispanic,0.3297037819717974,0.45579264738025815,1
2109,16,0,0,2,11.755908101327444,20,0,3,0,0,0,0,1.0438658671427483,4.0,caucasian,0.5884181570069977,0.6368927099048984,0
2110,17,0,2,1,16.94593491070988,15,1,3,1,0,0,0,2.385530670601707,3.0,hispanic,0.8482177804823847,0.8187524463376692,1
2111,15,0,3,2,8.825486735001373,27,0,2,0,1,0,0,0.2701103141247828,4.0,other,0.44172867050580317,0.45921006935406217,1
2112,15,0,0,1,0.3591572750030192,21,0,0,0,1,0,1,0.4389817405690688,4.0,caucasian,0.017925617706568125,0.012547932394597687,2
2113,18,0,2,3,1.4902092363728014,15,0,2,1,0,1,0,1.558059855369601,4.0,hispanic,0.07454321998248632,0.20218025398774042,2
2114,17,1,1,1,10.207854426974132,2,0,3,1,1,0,0,3.680961344427839,0.0,african_american,0.5109265030159972,0.5826485521111979,2
2115,17,1,3,4,19.388787513517567,16,0,1,0,1,0,0,2.1105837595046006,3.0,other,0.9705008070879494,0.7543505649615645,1
2116,17,0,0,2,13.864190844377354,8,0,4,0,1,1,0,3.29154084100464,1.0,caucasian,0.6939534621105946,0.7857674234774161,2
2117,17,0,2,2,1.4183238287713906,24,0,3,0,0,0,0,0.4277633541749704,4.0,hispanic,0.07094481817954006,0.27466137272567803,0
2118,15,0,0,2,3.787217515837256,2,0,3,0,0,0,0,2.846487468746025,2.0,caucasian,0.18952564840576475,0.3576679538840353,0
2119,15,1,0,1,15.426462864337,19,0,3,1,0,1,1,1.7723554330096858,4.0,caucasian,0.7721568505435619,0.7655097953804932,3
2120,16,0,0,1,16.828795199124894,28,1,2,0,0,0,0,0.7975176691622691,4.0,caucasian,0.8423540626093327,0.7396478438265328,0
2121,16,0,3,0,12.353891723771817,6,1,3,1,1,0,0,3.52093145282294,0.0,other,0.6183517056496842,0.6578461939547788,2
2122,17,1,2,2,12.888463392596332,17,0,2,0,1,0,0,1.5913657381425088,4.0,hispanic,0.6451110121777643,0.601577708524435,1
2123,17,1,2,2,0.5667490076676929,11,0,3,1,0,0,0,1.8640736524087984,4.0,hispanic,0.02831713512327736,0.24482199458629414,1
2124,17,0,3,2,16.57060519163017,18,1,3,0,1,0,0,2.4118406224250792,3.0,other,0.8294297234496631,0.8056008064147642,1
2125,16,0,0,1,15.765504163416592,15,0,3,0,0,0,0,2.137692088152197,3.0,caucasian,0.7891284009957193,0.7773898806970034,0
2126,18,0,0,1,5.180702882066943,21,0,3,0,0,0,0,1.073333389897043,4.0,caucasian,0.25928000358760483,0.40649600251132334,0
2127,18,1,0,2,14.17353439931014,26,0,0,1,0,0,0,0.3124795812740794,4.0,caucasian,0.7094384185564436,0.4966068929895105,1
2128,16,0,0,3,4.297092128499962,23,0,0,0,0,0,0,0.5022261210258885,4.0,caucasian,0.2150486827280464,0.15053407790963247,0
2129,16,0,0,2,0.8066032210302598,16,0,3,0,0,1,0,1.4903088969066125,4.0,caucasian,0.04032363077527089,0.2532265415426896,1
2130,16,0,0,2,4.0227308518075455,19,1,1,1,0,0,0,0.8765441058695893,4.0,caucasian,0.20131485070774557,0.2159203954954219,1
2131,16,1,0,2,3.57257753508599,14,1,2,1,1,0,0,2.051919032041663,3.0,caucasian,0.17878131350538712,0.275146919453771,2
2132,16,1,0,0,6.754959934696945,0,0,2,1,0,0,0,3.294332437143911,1.0,caucasian,0.3380833324620106,0.38665833272340744,1
2133,16,0,0,4,8.368989943509161,1,0,0,0,0,0,0,2.6078393525028623,2.0,caucasian,0.4188775949905476,0.2932143164933833,0
2134,17,0,0,2,10.170777829954158,7,0,0,0,0,0,0,2.207001981395421,3.0,caucasian,0.5090705422860595,0.35634937960024166,0
2135,17,1,3,1,9.535077510166564,21,0,3,1,1,0,0,1.629355895809393,4.0,other,0.47724899110920693,0.5590742937764448,2
2136,17,1,2,2,5.413492119305787,24,0,3,0,0,0,0,0.4937411351889655,4.0,hispanic,0.2709328443926739,0.4146529910748717,0
2137,17,1,3,1,0.5834133714814893,1,0,2,0,1,1,0,3.204313181292444,1.0,other,0.029151311054017172,0.17040591773781202,2
2138,16,1,0,4,12.102032444743012,18,1,4,0,0,0,0,2.068111784968204,3.0,caucasian,0.6057442667551148,0.7240209867285803,0
2139,18,1,0,1,7.914896596947088,8,0,1,1,0,0,1,2.281345006080266,3.0,caucasian,0.39614682985341276,0.3523027808973889,2
2140,15,1,2,2,5.973443147750994,8,1,1,0,1,0,0,2.4821724081876124,3.0,hispanic,0.2989625775130758,0.28427380425915305,1
2141,16,1,0,1,17.338820856610248,12,0,3,1,0,1,0,2.622179001774681,2.0,caucasian,0.8678846578536468,0.8325192604975526,2
2142,15,1,0,2,14.934866155963196,5,0,3,0,0,1,0,3.350591978852337,1.0,caucasian,0.7475487619097285,0.7482841333368099,1
2143,18,1,0,2,17.155310967448845,29,0,2,1,0,1,0,0.8411757539950683,4.0,caucasian,0.8586986166520956,0.7510890316564669,2
2144,17,0,0,2,9.89965589424922,14,0,4,1,0,1,0,2.371982914818465,3.0,caucasian,0.49549886348765215,0.6468492044413565,2
2145,18,0,0,2,2.618625042535549,18,1,4,0,1,0,0,1.9225913490306887,4.0,caucasian,0.13102886299203384,0.39172020409442365,1
2146,16,0,0,3,13.924428722425448,20,0,0,0,0,0,0,1.0075173084456468,4.0,caucasian,0.6969688180250495,0.48787817261753463,0
2147,17,1,1,0,4.121475598743505,14,0,1,1,0,0,0,1.5538733401089513,4.0,african_american,0.20625776314660965,0.21938043420262676,1
2148,16,0,0,1,8.824593381834337,17,0,3,0,0,0,0,1.2476927957970836,4.0,caucasian,0.4416839515043508,0.5341787660530455,0
2149,17,1,0,1,1.30001577897777,6,0,2,1,0,0,0,2.460743527113226,3.0,caucasian,0.06502261624892086,0.1955158313742446,1
2150,15,1,2,4,16.50616804845965,25,0,0,1,0,1,1,0.9633404310113688,4.0,hispanic,0.826204162937477,0.5783429140562338,3
2151,15,0,0,1,2.518812820950012,10,0,3,0,0,0,0,2.083697985872881,3.0,caucasian,0.12603251547042058,0.31322276082929434,0
2152,15,1,0,2,18.061950140986195,7,1,2,0,0,1,0,2.942198841728139,2.0,caucasian,0.9040826820074471,0.782857877405213,1
2153,18,0,2,2,17.284612045231142,5,1,2,0,0,1,0,3.1794507681007715,1.0,hispanic,0.865171101777235,0.7556197712440644,1
2154,16,0,0,1,9.291655288784922,7,0,1,1,0,0,0,2.627337296160058,2.0,caucasian,0.46506388999447523,0.40054472299613264,1
2155,18,0,0,1,14.887364086079812,1,0,3,0,0,1,0,3.1094935788792104,1.0,caucasian,0.7451709283602573,0.7466196498521801,1
2156,15,1,0,1,12.388901476363063,18,0,2,1,0,0,0,1.4229175121495328,4.0,caucasian,0.6201042053717916,0.5840729437602541,1
2157,16,0,0,2,16.061512846754898,15,0,1,1,1,0,0,2.0582044841224825,3.0,caucasian,0.8039458474755166,0.6377620932328615,2
2158,15,1,1,1,8.63610201571824,6,1,2,0,0,0,1,2.917010983412451,2.0,african_american,0.43224855015790764,0.45257398511053537,1
2159,18,0,2,0,15.716169684887,9,1,2,0,1,0,0,3.1844421071087297,1.0,hispanic,0.7866588417011177,0.7006611891907824,1
2160,18,0,0,3,9.24913634130296,11,0,4,0,0,1,0,2.6053753688041805,2.0,caucasian,0.46293549895680003,0.62405484926976,1
2161,18,0,1,4,18.819315756855875,16,0,4,1,1,0,0,2.346025741368296,3.0,african_american,0.9419944903781559,0.9593961432647091,2
2162,15,1,1,1,9.727442016502952,6,1,1,0,0,0,0,2.23946398594873,3.0,african_american,0.4868782720651118,0.41581479044557823,0
2163,16,1,0,1,9.25238543867459,21,1,3,0,0,0,0,1.7511633575642405,4.0,caucasian,0.46309814055862353,0.5491686983910364,0
2164,16,1,1,0,15.701437231270257,7,0,3,1,1,0,0,2.952721567213245,2.0,african_american,0.785921372311638,0.7751449606181465,2
2165,15,0,0,2,16.43155383521676,6,0,3,0,1,0,0,3.072136606487933,1.0,caucasian,0.8224691640216003,0.8007284148151201,1
2166,16,0,0,3,11.089782286423414,3,0,2,0,0,0,0,2.809311538791001,2.0,caucasian,0.555073582449801,0.5385515077148607,0
2167,15,1,0,1,3.595956269901508,2,1,0,0,0,0,0,2.6440598613135307,2.0,caucasian,0.1799515938768531,0.12596611571379718,0
2168,16,1,0,1,9.35516461915159,18,0,3,1,0,0,1,1.3974290948962047,4.0,caucasian,0.4682430065428921,0.5527701045800244,2
2169,17,1,0,2,19.36145005819357,14,1,1,0,0,0,0,2.4400605261033226,3.0,caucasian,0.9691323631741124,0.7533926542218786,0
2170,17,1,2,2,15.059723860783702,3,0,1,0,0,0,0,2.6268192376885877,2.0,hispanic,0.753798823015719,0.6026591761110032,0
2171,18,1,0,0,16.223252077582643,24,0,3,1,1,0,0,1.4684288845931317,4.0,caucasian,0.8120421045496196,0.7934294731847337,2
2172,17,1,0,2,0.6565099763848026,8,0,4,0,0,1,0,2.3806669165758354,3.0,caucasian,0.03281034233240658,0.3229672396326846,1
2173,17,0,0,1,9.3571892526832,12,1,1,1,0,0,0,2.303453349269981,3.0,caucasian,0.4683443545799074,0.4028410482059352,1
2174,17,1,2,1,12.932422673151107,17,0,3,0,0,0,0,1.5961281034309902,4.0,hispanic,0.647311502648398,0.6781180518538785,0
2175,15,0,1,2,16.600653672561492,20,1,2,0,1,0,0,1.6853891464062594,4.0,african_american,0.8309338744528626,0.7316537121170038,1
2176,17,0,1,3,0.9854730716554294,15,0,3,0,1,0,0,1.8970003503646624,4.0,african_american,0.04927740337611942,0.2594941823632836,1
2177,17,1,2,2,17.048777712837463,0,1,2,0,0,0,0,3.496776544580716,1.0,hispanic,0.8533658312056678,0.7473560818439674,0
2178,18,1,2,3,10.968018734838234,3,1,1,0,0,1,0,3.361230858272882,1.0,hispanic,0.548978406833816,0.45928488478367124,1
2179,17,0,0,2,3.946279411521199,17,0,1,0,0,0,1,0.8217016697705576,4.0,caucasian,0.19748788484995122,0.21324151939496583,1
2180,17,1,1,2,6.345104328994,7,1,2,0,0,1,1,2.6404761356980795,2.0,african_american,0.31756699681449363,0.3722968977701455,2
2181,16,1,2,2,5.638591035031215,19,0,1,0,0,1,0,0.8972169272385859,4.0,hispanic,0.2822007271412686,0.272540508998888,1
2182,18,0,3,3,10.617180685769515,15,0,0,0,1,1,0,1.674676218445066,4.0,other,0.5314163408953285,0.37199143862672995,2
2183,18,0,2,3,1.0337135982226364,20,0,3,0,1,0,0,0.906353743453148,4.0,hispanic,0.051692202200618376,0.26118454154043286,1
2184,18,0,0,0,3.1707231699984706,10,1,2,0,0,1,0,2.4190289368571505,3.0,caucasian,0.15866549973869465,0.26106584981708625,1
2185,18,1,0,3,16.253860867515648,19,1,3,1,0,0,0,2.13144706871876,3.0,caucasian,0.8135743032051749,0.7945020122436224,1
2186,18,0,0,3,2.652079814936221,20,0,1,0,0,0,1,1.030802658909541,4.0,caucasian,0.13270352433625598,0.1678924670353792,1
2187,18,1,2,2,4.667925389162539,20,1,3,0,0,0,1,1.5095198602197917,4.0,hispanic,0.23361165841790635,0.3885281608925344,1
2188,15,0,0,1,9.067412112083147,20,0,2,1,1,1,0,1.7892398367181417,4.0,caucasian,0.45383884337839087,0.4676871903648736,3
2189,17,0,0,3,10.34241776226661,26,1,0,0,0,0,0,0.5964170171485198,4.0,caucasian,0.5176624034509196,0.3623636824156437,0
2190,18,0,2,3,15.272209592283172,18,0,2,0,0,0,0,1.4145556778225787,4.0,hispanic,0.7644353216437527,0.6851047251506269,0
2191,17,1,0,1,8.946648533323756,22,0,0,0,1,1,0,1.242176324159397,4.0,caucasian,0.4477937238744777,0.31345560671213435,2
2192,17,1,2,4,15.797292420710775,18,0,3,1,0,0,0,1.9347838118971947,4.0,hispanic,0.7907196408060876,0.7785037485642613,1
2193,15,0,0,0,12.366926140909149,17,0,3,0,1,0,0,2.315769874969324,3.0,caucasian,0.6190041756250566,0.6583029229375396,1
2194,18,0,0,1,2.261994788476449,18,0,2,1,1,0,0,1.8186125604584331,4.0,caucasian,0.11317685391242939,0.22922379773870055,2
2195,16,0,0,2,3.126628767856772,10,0,1,1,1,1,1,2.3631214597500585,3.0,caucasian,0.15645824542296044,0.1845207717960723,4
2196,15,1,2,2,8.740674508995417,2,0,1,0,0,0,0,2.791339403107066,2.0,hispanic,0.4374831848480752,0.38123822939365265,0
2197,16,0,0,2,7.937787861780792,7,1,2,1,0,0,0,2.9545340837691567,2.0,caucasian,0.3972927087097456,0.4281048960968219,1
2198,17,1,0,0,14.870885392745892,19,0,3,0,0,0,1,1.8128870432088853,4.0,caucasian,0.744346046624429,0.7460422326371002,1
2199,17,0,3,4,11.614742795947038,18,1,1,0,0,0,0,1.1414565556036804,4.0,other,0.5813517786369827,0.4819462450458879,0
2200,15,0,0,0,7.762661620044986,9,0,0,0,1,0,0,2.295362280360723,3.0,caucasian,0.3885263317073432,0.2719684321951402,1
2201,15,0,1,1,3.4152056690077126,15,0,2,1,0,0,0,1.6771008018764466,4.0,african_american,0.17090367567144682,0.26963257297001275,1
2202,16,0,1,0,4.536742046509903,4,0,2,0,0,0,0,2.7521639310365127,2.0,african_american,0.22704495187107585,0.3089314663097531,0
2203,18,0,0,2,11.51002036938118,19,1,1,0,0,0,0,1.201444582455696,4.0,caucasian,0.5761096386653637,0.47827674706575457,0
2204,16,0,1,3,8.46877609799585,8,1,2,1,1,1,1,2.901185606881623,2.0,african_american,0.4238726376590812,0.44671084636135683,4
2205,15,1,0,2,10.29855017721344,7,0,2,1,0,0,0,2.6768273942833725,2.0,caucasian,0.5154665030253215,0.510826552117725,1
2206,16,0,1,3,3.4135487060446734,10,0,2,1,0,0,0,2.297639912551669,3.0,african_american,0.17082073229374942,0.2695745126056246,1
2207,15,1,0,0,13.258125046891315,15,0,2,0,0,0,0,1.4514410214002431,4.0,caucasian,0.6636153402142804,0.6145307381499963,0
2208,16,0,1,2,17.05077481711934,6,0,3,0,1,0,0,2.981786874282664,2.0,african_american,0.853465801198026,0.8224260608386181,1
2209,15,0,0,2,5.158790135738012,14,1,0,0,0,1,1,1.4152214905212377,4.0,caucasian,0.25818310689426277,0.18072817482598394,2
2210,15,1,1,2,9.830284516636532,23,0,1,1,0,0,0,0.9285393441441628,4.0,african_american,0.4920263076713384,0.4194184153699369,1
2211,15,0,0,0,19.51054658041804,28,0,2,0,0,0,1,0.984031782647104,4.0,caucasian,0.9765957582119537,0.8336170307483676,1
2212,18,1,0,2,6.664834811014552,20,1,2,1,0,0,1,1.382935704905427,4.0,caucasian,0.3335718965757778,0.3835003276030444,2
2213,16,1,0,2,11.900926898475223,19,1,2,0,1,0,0,1.8638998217614855,4.0,caucasian,0.5956774314345858,0.5669742020042101,1
2214,16,0,0,2,1.8039140040048876,22,0,3,1,1,0,0,1.2284288472926583,4.0,caucasian,0.0902464877124169,0.2881725413986918,2
2215,16,1,2,2,12.120300049588865,16,0,3,1,0,1,0,2.137393264966037,3.0,hispanic,0.6066586968794776,0.6496610878156343,2
2216,15,1,0,1,1.7926354660923582,5,0,1,1,0,1,0,2.434532444006976,3.0,caucasian,0.08968191261277948,0.13777733882894563,2
2217,16,0,3,2,19.18470870647644,14,0,3,0,0,0,0,2.2564883117007817,3.0,other,0.9602851378484873,0.8971995964939411,0
2218,16,1,3,1,14.313253041446227,7,0,2,0,1,0,0,2.6891551121146304,2.0,other,0.7164323806211149,0.6515026664347804,1
2219,15,0,1,3,15.763195762714128,6,1,1,0,0,0,0,3.1312358848124213,1.0,african_american,0.7890128482913968,0.6273089938039778,0
2220,17,0,0,2,14.082087215432736,1,1,4,0,1,0,0,3.7702839726154447,0.0,caucasian,0.7048608036785619,0.7934025625749932,1
2221,15,0,0,1,11.794580721529314,29,0,3,0,1,0,0,0.7995911976901089,4.0,caucasian,0.5903540106232237,0.6382478074362565,1
2222,16,0,2,4,8.998255621710108,12,0,4,1,1,0,0,2.964668230929299,2.0,hispanic,0.4503770442741329,0.615263930991893,2
2223,15,1,0,2,17.167467595221247,29,0,1,0,1,0,0,0.7027603188634381,4.0,caucasian,0.8593071467106091,0.6765150026974264,1
2224,17,0,0,0,19.13671335086126,22,0,1,1,0,1,0,1.1936177713396423,4.0,caucasian,0.9578826116621392,0.7455178281634973,2
2225,15,0,1,2,9.980723458081629,28,0,2,0,1,0,0,0.2999519061623816,4.0,african_american,0.4995569008221901,0.49968983057553307,1
2226,16,1,2,1,18.63070098310524,5,0,3,0,1,0,0,3.299578873421429,1.0,hispanic,0.9325529115574597,0.8777870380902217,1
2227,17,0,2,3,11.66665819977035,28,0,1,0,0,0,0,0.2123670952038988,4.0,hispanic,0.5839505325280969,0.48376537276966786,0
2228,18,0,0,3,10.767683737928664,4,0,3,1,1,1,0,3.526125037802421,0.0,caucasian,0.5389501432664758,0.602265100286533,3
2229,16,1,1,4,9.089654659107133,19,0,2,0,1,0,0,1.6117379539626009,4.0,african_american,0.4549522490609046,0.46846657434263317,1
2230,17,1,0,2,4.185755230602397,0,0,2,1,1,0,0,3.343050864114286,1.0,caucasian,0.20947543904066998,0.296632807328469,2
2231,17,1,0,2,0.0743932163611837,28,0,3,0,0,0,0,0.0264686610642805,4.0,caucasian,0.0036710487165333688,0.22756973410157333,0
2232,18,1,2,2,4.830124537121225,17,0,3,1,0,0,0,1.636403110402885,4.0,hispanic,0.24173093778107202,0.3942116564467504,1
2233,15,1,0,1,10.194463432071304,14,0,0,0,0,0,0,1.7097013783889978,4.0,caucasian,0.51025618365899,0.3571793285612929,0
2234,15,1,0,2,7.599199045195051,22,0,4,0,1,1,0,1.4851118281074416,4.0,caucasian,0.38034380838751014,0.5662406658712571,2
2235,16,1,0,2,8.969704560052676,9,0,2,1,1,0,0,2.9994091469264443,2.0,caucasian,0.4489478502948236,0.46426349520637644,2
2236,18,0,2,0,19.61296439128099,2,1,0,1,0,0,0,3.515415829646008,0.0,hispanic,0.9817225349467609,0.6872057744627326,1
2237,15,1,2,2,7.005447413386552,4,0,3,0,0,0,0,2.91813912755296,2.0,hispanic,0.3506221024990391,0.4704354717493273,0
2238,18,1,1,3,9.043658787202158,23,0,4,1,1,0,0,1.3622335993641654,4.0,african_american,0.4526498119750822,0.6168548683825574,2
2239,15,1,2,3,2.6703110270563912,28,0,3,0,0,0,0,0.205067960146301,4.0,hispanic,0.13361613273275938,0.31853129291293153,0
2240,17,0,0,0,0.9591546487397528,12,0,3,1,0,1,0,2.2332394663089845,3.0,caucasian,0.0479599696488797,0.2585719787542158,2
2241,15,0,0,0,15.508190291849893,7,1,3,0,1,0,0,3.159302938456266,1.0,caucasian,0.7762479189860364,0.7683735432902254,1
2242,18,1,0,1,11.413663501439572,21,1,4,0,0,1,0,1.994611703201556,4.0,caucasian,0.5712862574132201,0.699900380189254,1
2243,17,1,0,3,15.2140961208779,20,0,0,0,0,0,1,0.9990885438974272,4.0,caucasian,0.7615263081560683,0.5330684157092478,1
2244,17,1,0,1,2.9972559777310326,28,0,3,1,1,0,0,0.5219557256642748,4.0,caucasian,0.14998217055917246,0.3299875193914207,2
2245,17,0,3,2,11.43657542365382,1,0,3,1,0,0,0,3.463687549123432,1.0,other,0.5724331703258082,0.6257032192280657,1
2246,18,0,0,1,5.072849486827511,8,0,0,0,1,0,0,1.9879647265294176,4.0,caucasian,0.2538811352381982,0.17771679466673873,1
2247,16,1,0,2,4.561236338000398,16,0,2,1,0,0,1,1.6819048043902567,4.0,caucasian,0.2282710741899477,0.3097897519329634,2
2248,16,0,0,1,0.2305202810597051,26,0,2,0,0,0,0,0.1126350589951871,4.0,caucasian,0.011486374939832728,0.1580404624578829,0
2249,16,1,0,2,2.606814471381438,17,0,3,1,0,0,1,1.9079839135479155,4.0,caucasian,0.13043765565311985,0.31630635895718384,2
2250,18,0,3,1,6.185362229993907,12,0,0,0,0,0,0,1.1979333311054492,4.0,other,0.30957071111162066,0.21669949777813444,0
2251,17,0,0,2,2.337575211818781,0,1,3,0,0,0,0,3.2152726848869184,1.0,caucasian,0.11696021886363754,0.30687215320454625,0
2252,16,1,0,1,19.71716880821875,11,0,1,0,0,0,0,2.190269258704484,3.0,caucasian,0.9869387446657476,0.7658571212660232,0
2253,18,1,2,2,6.172652970479014,19,0,2,0,0,1,0,1.1509661314441684,4.0,hispanic,0.3089345177049409,0.36625416239345865,1
2254,16,1,0,3,2.6064789340465637,19,0,3,0,0,0,1,0.6901513450987352,4.0,caucasian,0.13042085950225898,0.31629460165158124,1
2255,15,1,0,1,3.981646256559155,20,0,2,1,0,0,0,1.5199552920755757,4.0,caucasian,0.19925825971733396,0.28948078180213377,1
2256,16,0,0,3,11.75406456682953,4,1,2,0,0,0,0,3.168988610106379,1.0,caucasian,0.5883258743298532,0.5618281120308972,0
2257,16,0,1,2,1.2808704772957702,7,0,0,1,0,0,0,1.8081645587687407,4.0,african_american,0.06406425083945623,0.04484497558761936,1
2258,17,0,3,1,17.248682602823138,26,1,3,1,0,0,0,1.1158787303056936,4.0,other,0.8633725647075602,0.829360795295292,1
2259,18,1,2,2,19.229993584742942,14,0,4,0,0,0,0,2.0033079798237297,3.0,hispanic,0.9625519843899152,0.9737863890729406,0
2260,17,0,0,1,4.934948413347618,26,1,4,0,0,0,0,0.8897149150878433,4.0,caucasian,0.2469781560662677,0.47288470924638737,0
2261,17,1,2,2,9.001905371817188,2,1,3,1,1,0,0,3.984673602658726,0.0,hispanic,0.4505597415391806,0.5403918190774264,2
2262,17,0,0,2,0.4426890205899414,5,0,1,1,0,0,0,2.3254340649162404,3.0,caucasian,0.022107005751133255,0.09047490402579328,1
2263,17,1,0,1,12.81420449454443,27,0,1,1,0,1,0,0.6133163315649763,4.0,caucasian,0.6413937994422338,0.5239756596095636,2
2264,17,1,0,2,8.278521161051778,12,1,1,1,1,1,0,2.71222974268319,2.0,caucasian,0.4143489564146899,0.3650442694902829,3
2265,16,0,0,3,5.401169322031114,11,0,2,0,0,1,0,2.096616211446693,3.0,caucasian,0.270315996308896,0.3392211974162272,1
2266,17,1,1,3,4.1367422123321695,18,0,1,1,0,0,0,1.183063850341623,4.0,african_american,0.2070219712341111,0.21991537986387777,1
2267,17,1,1,2,13.080461553175208,28,0,1,0,0,1,0,0.5601746057023475,4.0,african_american,0.6547219547910442,0.5333053683537309,1
2268,18,0,3,4,8.32434062064629,17,0,3,0,0,0,0,1.1674254127713368,4.0,other,0.41664256274616013,0.516649793922312,0
2269,15,1,1,2,3.5931857805982403,23,0,2,1,0,0,1,0.9231815615047178,4.0,african_american,0.1798129101851754,0.27586903712962274,2
2270,16,1,1,1,13.78218162973648,0,0,3,1,0,0,0,3.84128624851289,0.0,african_american,0.6898482881167541,0.7078938016817278,1
2271,16,1,0,3,11.301445660733872,24,0,4,1,1,0,0,1.212880751488374,4.0,caucasian,0.5656689159555889,0.6959682411689122,2
2272,16,0,0,2,17.173441098589922,26,0,3,0,0,1,0,0.9621492198905311,4.0,caucasian,0.8596061651902835,0.8267243156331984,1
2273,17,0,1,2,2.349517977529858,6,1,3,1,0,0,0,2.5020091336326127,2.0,african_american,0.1175580435279309,0.30729063046955163,1
2274,17,1,0,2,15.713332038889122,11,0,3,1,0,0,0,2.4562237944460525,3.0,caucasian,0.7865167963150568,0.7755617574205397,1
2275,17,0,2,3,13.47033573634518,9,1,2,1,0,0,0,2.646556960552807,2.0,hispanic,0.6742380709327228,0.6219666496529059,1
2276,18,1,0,3,2.3002187365619564,28,1,0,0,0,0,0,0.3817684951501578,4.0,caucasian,0.11509024813659895,0.08056317369561926,0
2277,15,1,0,2,13.896414597434417,11,1,0,1,1,0,0,2.396139095071558,3.0,caucasian,0.6955665017380691,0.4868965512166483,2
2278,17,1,0,1,8.830945777596607,10,1,1,0,1,1,0,2.595648862597705,2.0,caucasian,0.44200193637953894,0.3844013554656773,2
2279,15,1,0,2,18.899695711116863,3,1,3,1,1,0,0,4.0,0.0,caucasian,0.9460181077155889,0.8872126754009122,2
2280,18,1,0,2,2.8322270123579862,18,1,4,1,0,0,0,1.4195226349555488,4.0,caucasian,0.14172123768904885,0.39920486638233416,1
2281,16,0,2,1,12.85666781631476,5,0,4,1,1,0,0,3.432684708354722,1.0,hispanic,0.6435194059973873,0.750463584198171,2
2282,17,1,0,2,7.6396009092589185,24,0,0,0,0,0,1,0.1293067518875465,4.0,caucasian,0.38236622358053407,0.2676563565063738,1
2283,15,0,1,2,19.136293411817554,8,1,4,0,0,0,0,2.9289482377250686,2.0,african_american,0.9578615905750727,0.9705031134025508,0
2284,15,0,0,1,6.59949790580553,19,0,2,0,0,0,0,0.9471334632498166,4.0,caucasian,0.33030129625023325,0.3812109073751633,0
2285,17,1,0,1,19.243718189836,9,1,3,0,1,0,0,2.9995441039151167,2.0,caucasian,0.9632390034297935,0.8992673024008554,1
2286,16,1,0,1,18.02971702201498,4,1,1,1,0,0,0,3.055386295398076,1.0,caucasian,0.9024691735459841,0.7067284214821888,1
2287,16,0,2,3,5.407664706213127,26,0,0,0,0,0,0,0.0,4.0,hispanic,0.2706411388229509,0.1894487971760656,0
2288,16,0,0,1,16.070835536528556,12,1,2,0,1,0,1,2.745858798383193,2.0,caucasian,0.8044125177610333,0.7130887624327232,2
2289,18,0,2,1,19.91208403607012,8,0,3,1,0,1,1,3.214628425697648,1.0,hispanic,0.996695708293346,0.9226869958053421,3
2290,15,1,0,2,5.053260043425647,1,0,1,0,0,1,0,3.4154133242434344,1.0,caucasian,0.25290053721687467,0.2520303760518123,1
2291,15,0,2,1,8.735543386466393,17,0,1,1,0,0,1,1.4693892718306072,4.0,hispanic,0.4372263338239848,0.3810584336767893,2
2292,15,1,0,0,10.403614731335193,20,0,4,0,0,0,0,1.5521129376507927,4.0,caucasian,0.520725769037608,0.6645080383263255,0
2293,18,1,1,1,5.898622716077286,0,0,4,0,0,0,0,3.548459826086951,0.0,african_american,0.2952172558238015,0.506652079076661,0
2294,15,1,1,2,0.3052967929205952,23,0,0,1,0,0,0,0.192625111740147,4.0,african_american,0.015229498114291565,0.010660648680004095,1
2295,18,0,3,2,4.402584883950533,20,0,3,0,0,0,0,1.3489974202990602,4.0,other,0.2203293834165079,0.3792305683915555,0
2296,16,1,0,1,5.638737686835169,11,1,2,0,1,0,0,2.1431050688591977,3.0,caucasian,0.2822080681598892,0.3475456477119224,1
2297,17,1,0,2,8.871994026363744,9,0,2,0,1,0,1,2.4713865329338423,3.0,caucasian,0.44405670795697033,0.46083969556987925,2
2298,15,1,0,4,3.4220495682680374,1,0,2,0,1,0,0,3.205425334412305,1.0,caucasian,0.1712462639693958,0.26987238477857706,1
2299,15,1,2,1,17.465087133833453,27,0,2,1,0,0,0,0.4541144380742554,4.0,hispanic,0.8742052285337298,0.7619436599736109,1
2300,16,1,1,1,14.098222654626722,8,1,2,1,0,0,0,2.809833207494068,2.0,african_american,0.7056685029797735,0.6439679520858413,1
2301,17,0,2,1,1.7040095511932396,1,1,2,0,0,0,0,2.997505608420635,2.0,hispanic,0.08524552332875332,0.2096718663301273,0
2302,18,1,0,2,13.001849022798629,22,0,2,1,1,0,1,1.1761890337144745,4.0,caucasian,0.6507868102258252,0.6055507671580775,3
2303,17,1,0,2,13.073129528112409,23,0,3,1,1,1,0,1.6689245457866109,4.0,caucasian,0.6543549321492375,0.6830484525044662,3
2304,16,0,0,1,19.124423472872557,29,1,3,1,1,0,0,1.6230040750090506,4.0,caucasian,0.9572674114346083,0.8950871880042257,2
2305,16,1,3,2,0.0604174271232249,21,0,2,0,0,0,1,0.5177931283748711,4.0,other,0.0029714560332683836,0.15208001922328787,1
2306,17,0,1,0,4.958648996116144,13,0,1,1,0,0,0,1.9461006983336528,4.0,african_american,0.2481645473327404,0.2487151831329183,1
2307,18,1,3,2,18.55582958750631,10,0,3,0,1,0,0,2.815003047977988,2.0,other,0.9288050387429081,0.8751635271200356,1
2308,18,0,0,2,18.64267830796566,22,0,3,1,0,0,0,1.24818256681425,4.0,caucasian,0.9331524661654156,0.8782067263157909,1
2309,15,0,1,1,14.411728387412747,10,1,3,1,0,0,0,2.759014343384976,2.0,african_american,0.7213618075284018,0.7299532652698812,1
2310,18,1,1,2,15.3152664209508,16,0,2,0,1,0,0,1.9212942080249984,4.0,african_american,0.7665906376540037,0.6866134463578025,1
2311,17,1,0,1,1.8296591585929425,3,0,1,0,0,0,0,2.732290675858265,2.0,caucasian,0.091535225076201,0.1390746575533407,0
2312,16,1,2,2,10.277516695564673,12,0,3,0,0,0,0,2.2286086189122747,3.0,hispanic,0.51441362009939,0.585089534069573,0
2313,15,0,3,0,4.631659825779988,6,1,2,0,0,1,0,2.611688472593835,2.0,other,0.231796295981844,0.3122574071872908,1
2314,15,0,2,3,3.624360872272345,15,1,4,0,0,1,0,2.197776727185656,3.0,hispanic,0.18137345647447417,0.4269614195321319,1
2315,16,0,2,1,16.20606598246665,0,1,3,1,0,0,0,3.3355067927178226,1.0,hispanic,0.811181812068649,0.7928272684480543,1
2316,18,1,0,3,2.7007627336109485,12,0,1,0,0,0,0,1.7215979626358573,4.0,caucasian,0.13514046819144238,0.16959832773400965,0
2317,16,0,0,1,9.373032739927703,0,0,2,0,1,1,1,3.2879731984208025,1.0,caucasian,0.46913743950448195,0.4783962076531373,3
2318,18,0,3,2,18.77156479172066,10,1,3,0,0,0,0,2.561964556788972,2.0,other,0.9396041977614996,0.8827229384330497,0
2319,16,1,0,1,3.716641111306851,5,0,2,0,0,0,0,2.3585718660404216,3.0,caucasian,0.18599277198784359,0.2801949403914905,0
2320,17,0,2,3,19.55986847476469,19,1,2,0,0,0,0,1.497673654260138,4.0,hispanic,0.9790646875741658,0.835345281301916,0
2321,18,0,2,1,19.88575971522118,2,0,3,1,0,0,0,3.5172371287357262,0.0,hispanic,0.9953779793304751,0.9217645855313326,1
2322,17,1,1,1,11.112343093648056,11,0,3,0,0,0,0,2.404089819888117,3.0,african_american,0.5562029194335073,0.614342043603455,0
2323,15,0,3,2,3.4028548035431583,4,0,1,1,1,1,1,2.5172289818586204,2.0,other,0.17028542256503018,0.1941997957955211,4
2324,16,1,0,0,6.322097758817913,8,1,2,0,0,0,0,2.4352442824022056,3.0,caucasian,0.3164153460641734,0.37149074224492135,0
2325,15,1,0,1,8.489856653530703,25,1,4,1,0,0,0,1.283227506286419,4.0,caucasian,0.4249278769847637,0.5974495138893345,1
2326,15,1,0,3,6.186484487164458,25,0,4,0,1,0,0,1.099434304470497,4.0,caucasian,0.3096268884688984,0.5167388219282288,1
2327,15,1,0,4,5.612711597530316,11,0,3,1,0,0,0,2.1911967950430395,3.0,caucasian,0.2809052679142885,0.4216336875400019,1
2328,15,1,0,1,19.44459418432715,29,1,4,1,0,1,0,1.584478764070205,4.0,caucasian,0.973294347968612,0.9813060435780283,2
2329,16,0,0,3,3.067296548314913,29,0,2,1,0,0,0,0.4757308333876264,4.0,caucasian,0.15348822448413446,0.2574417571388941,1
2330,15,0,2,2,14.666558174337244,27,1,2,1,0,0,0,1.2072685461345751,4.0,hispanic,0.7341179425398074,0.6638825597778653,1
2331,16,1,3,1,0.0082057887834974,26,0,2,1,0,0,0,0.264924162952827,4.0,other,0.0003578733910414657,0.15025051137372902,1
2332,16,1,0,2,11.923653388047535,9,0,1,1,0,0,0,2.706659620286692,2.0,caucasian,0.5968150620578285,0.49277054344047994,1
2333,17,0,0,2,18.31886007908105,18,0,2,1,0,0,0,1.5304278892477712,4.0,caucasian,0.9169429441285344,0.7918600608899741,1
2334,18,1,3,4,5.75868188186438,4,0,2,1,1,0,1,3.1274525275923986,1.0,other,0.28821217138538974,0.3517485199697728,3
2335,18,1,0,1,3.710519505154384,25,0,3,1,0,0,0,1.003614145687202,4.0,caucasian,0.18568633985716548,0.3549804379000158,1
2336,16,1,0,2,13.03359589756854,4,0,3,0,0,0,1,3.3692186048208828,1.0,caucasian,0.6523759785316291,0.6816631849721403,1
2337,17,0,0,0,14.252028145967865,8,0,3,0,0,0,0,2.79138610847234,2.0,caucasian,0.7133676171089411,0.7243573319762587,0
2338,16,0,1,1,13.760610379039626,26,0,2,1,0,0,0,0.6735259456903064,4.0,african_american,0.6887684858315705,0.6321379400820993,1
2339,16,1,0,0,6.386337600427481,27,0,1,0,0,0,0,0.3375541414467983,4.0,caucasian,0.3196310301589286,0.29874172111124997,0
2340,16,1,3,4,5.044048043186617,25,1,2,1,0,0,0,0.886889415770466,4.0,other,0.25243940776967627,0.3267075854387734,1
2341,17,0,0,3,19.11837599924088,26,0,3,0,1,1,0,1.5066627733506968,4.0,caucasian,0.9569646901905393,0.8948752831333775,2
2342,18,0,1,2,18.46599016539859,19,0,1,0,1,1,0,1.7051993889190245,4.0,african_american,0.9243079043553482,0.7220155330487437,2
2343,17,1,0,2,9.146332197856406,16,0,2,1,0,0,1,1.972791413902718,4.0,caucasian,0.45778938338937347,0.47045256837256144,2
2344,15,1,0,1,16.923877323087467,9,0,2,0,1,0,0,2.626082828753646,2.0,caucasian,0.8471136334,0.7429795433799999,1
2345,17,0,1,1,9.04646955268592,20,1,3,0,0,0,0,1.671968652950504,4.0,african_american,0.45279051179055113,0.5419533582533858,0
2346,17,0,2,1,8.487780361450207,0,0,3,0,0,0,0,3.0937609252908795,1.0,hispanic,0.42482394305136617,0.5223767601359564,0
2347,17,0,2,1,3.135258951985893,21,1,3,0,1,0,1,1.6433737595842497,4.0,hispanic,0.15689025062632772,0.3348231754384294,2
2348,17,1,1,2,8.528121129839457,27,0,2,1,1,0,0,0.3392066993150443,4.0,african_american,0.4268432999493476,0.4487903099645433,2
2349,18,0,3,2,10.74833877199614,15,0,2,0,0,1,1,1.9263590676627524,4.0,other,0.5379817831693126,0.5265872482185188,2
2350,15,1,2,0,0.4500865485737293,25,0,1,1,0,0,0,0.4499062079461153,4.0,hispanic,0.022477307303595838,0.09073411511251708,1
2351,18,0,2,0,8.882260103508129,25,1,1,0,0,0,0,0.7095708392685087,4.0,hispanic,0.444570601829707,0.3861994212807949,0
2352,18,0,0,1,15.627124367904006,14,1,1,1,0,0,1,1.748279682449194,4.0,caucasian,0.7822014582088769,0.6225410207462138,2
2353,17,0,0,2,13.600921127485396,22,0,1,0,1,0,0,0.9721682581321198,4.0,caucasian,0.6807748455382573,0.55154239187678,1
2354,16,0,0,3,12.7031397772787,16,1,1,0,0,0,1,1.934935784062694,4.0,caucasian,0.6358341804293081,0.5200839263005156,1
2355,16,1,1,2,18.19110856874405,25,0,1,0,0,1,0,0.6903478839140333,4.0,african_american,0.9105480264329332,0.7123836185030532,1
2356,18,1,0,3,0.3606401965046002,19,1,1,0,0,0,0,0.7303661593128756,4.0,caucasian,0.017999849008621872,0.0875998943060353,0
2357,18,0,0,2,11.140951723844683,24,0,3,0,0,0,1,0.6822651648416035,4.0,caucasian,0.5576349951483752,0.6153444966038626,1
2358,17,1,2,1,15.746976968194142,12,0,4,1,1,0,0,3.0234824828446896,1.0,hispanic,0.7882009764332593,0.8517406835032815,2
2359,18,0,2,1,10.826707654025345,0,0,3,0,1,1,0,3.729652301008408,0.0,hispanic,0.5419047313141212,0.6043333119198848,2
2360,17,0,3,3,6.477911051607583,24,1,0,0,0,0,0,0.8419632253726905,4.0,other,0.3242149656588231,0.22695047596117612,0
2361,16,0,0,2,2.725011301839557,7,1,2,0,0,0,0,2.584174278596964,2.0,caucasian,0.13635429022492804,0.24544800315744963,0
2362,16,0,1,1,17.751261436323826,4,1,3,1,0,0,0,3.3721260428259656,1.0,african_american,0.8885303907662111,0.8469712735363477,1
2363,15,1,0,2,9.41524784775206,5,1,1,0,0,0,0,3.060805402033993,1.0,caucasian,0.4712506210968995,0.40487543476782967,0
2364,16,0,0,2,17.562303939714027,22,0,3,0,0,0,0,1.1680520002406818,4.0,caucasian,0.8790716561054707,0.8403501592738294,0
2365,18,0,0,2,11.717042448663369,19,1,2,0,0,0,0,1.3492561219436314,4.0,caucasian,0.5864726406736335,0.5605308484715434,0
2366,16,1,0,3,13.483842332300016,29,1,4,1,0,0,0,1.1179648263826585,4.0,caucasian,0.6749141769861938,0.7724399238903357,1
2367,17,0,0,2,16.085223087569002,13,0,3,1,0,1,0,2.578667734306398,2.0,caucasian,0.8051327221993386,0.788592905539537,2
2368,16,0,2,2,13.183110892002688,21,0,3,0,1,0,0,1.6255519548363606,4.0,hispanic,0.6598603212305328,0.686902224861373,1
2369,15,0,0,0,7.961096813578754,22,0,3,0,0,0,1,0.9340163958011902,4.0,caucasian,0.39845949591974017,0.5039216471438182,1
2370,16,1,2,0,10.27266767857302,10,1,1,0,1,0,1,2.702638340113748,2.0,hispanic,0.5141708905654346,0.43491962339580426,2
2371,17,0,1,1,16.060910493517596,5,1,1,1,0,0,0,2.964009263152522,2.0,african_american,0.803915695194999,0.6377409866364991,1
2372,17,1,0,0,7.473005927459684,10,1,2,0,1,0,0,2.267458131705519,3.0,caucasian,0.37402689988646626,0.4118188299205263,1
2373,18,0,0,2,7.762429135369942,12,1,1,1,0,0,0,1.7536230683511045,4.0,caucasian,0.3885146941121518,0.34696028587850625,1
2374,16,0,0,2,1.913802321160023,11,1,1,0,1,0,0,2.0232340815930123,3.0,caucasian,0.09574721910934107,0.14202305337653875,1
2375,17,1,1,1,18.291688704434957,21,1,2,0,0,0,0,1.6780125322160857,4.0,african_american,0.9155828137936386,0.790907969655547,0
2376,15,0,0,3,1.8207262989088344,1,1,3,0,1,1,0,3.659836405312248,0.0,caucasian,0.09108806869961075,0.2887616480897275,2
2377,18,0,0,1,12.964183548971118,20,0,0,1,1,0,0,1.3627443691586447,4.0,caucasian,0.6489013718113801,0.454230960267966,2
2378,15,1,0,1,8.263889576055954,2,0,1,1,0,0,0,2.8138057680897126,2.0,caucasian,0.41361653625341227,0.36453157537738856,1
2379,16,1,1,1,8.112387805108847,22,0,2,1,0,0,0,1.3027119835441363,4.0,african_american,0.40603274054415733,0.4342229183809101,1
2380,16,1,3,1,13.59103673145368,3,1,2,0,1,0,1,3.3839114785072537,1.0,other,0.6802800576572623,0.6261960403600836,2
2381,16,1,0,1,1.3418746525975744,16,0,1,0,1,0,0,1.3787513079619265,4.0,caucasian,0.06711796565749609,0.12198257596024725,1
2382,18,1,2,2,11.874115659028693,27,0,4,0,1,0,0,0.731486867136845,4.0,hispanic,0.5943353285574822,0.7160347299902374,1
2383,17,0,1,2,15.440635719447096,27,0,2,0,1,0,0,0.4005694786322673,4.0,african_american,0.7728663078462713,0.69100641549239,1
2384,18,1,3,4,16.564255157731886,21,0,2,0,1,1,0,1.7290731666537256,4.0,other,0.8291118568034161,0.7303782997623913,2
2385,15,0,2,0,3.410607787875506,5,0,0,0,0,0,0,2.615653764886057,2.0,hispanic,0.1706735173638303,0.1194714621546812,0
2386,18,0,1,1,17.948381001563472,6,0,2,0,0,1,1,2.9869427371126283,2.0,african_american,0.89839769795166,0.778878388566162,2
2387,15,0,1,0,13.122921836948844,14,0,3,0,0,0,0,2.1269889706667486,3.0,african_american,0.6568474092717623,0.6847931864902336,0
2388,18,1,2,2,17.637096016413658,10,0,1,1,0,1,0,2.7081110403183013,2.0,hispanic,0.8828155584164143,0.69297089089149,2
2389,17,1,0,0,9.705614342203964,23,0,2,0,0,0,0,0.8157773688726507,4.0,caucasian,0.4857856338625559,0.49004994370378907,0
2390,15,0,0,3,10.84066690194404,2,0,0,1,0,0,0,2.5244238950940066,2.0,caucasian,0.5426034959807546,0.37982244718652824,1
2391,16,1,0,2,18.38076554057342,29,0,4,0,0,0,0,0.9082386041357368,4.0,caucasian,0.9200417750551326,0.9440292425385928,0
2392,16,1,2,2,17.998190867093435,5,0,0,1,0,0,0,3.0556902074734404,1.0,hispanic,0.9008910539178855,0.6306237377425198,1
2393,18,1,2,2,8.96321746738004,25,0,3,0,0,0,1,0.8379468984553826,4.0,hispanic,0.44862312283277,0.5390361859829389,1
2394,16,1,0,1,5.488252632713635,1,0,2,0,0,0,0,2.833576110778921,2.0,caucasian,0.2746751667250121,0.3422726167075084,0
2395,15,0,1,1,7.863408691285283,28,1,2,1,0,0,0,0.7852135676838187,4.0,african_american,0.39356947543969545,0.42549863280778677,1
2396,16,0,0,1,7.755286570594995,13,0,3,0,0,0,1,1.8856147854844247,4.0,caucasian,0.3881571553734645,0.4967100087614251,1
2397,17,1,0,2,5.73733749965588,8,0,1,1,1,0,0,2.7012305082850903,2.0,caucasian,0.28714372556328754,0.27600060789430125,2
2398,17,0,3,1,5.371592086659332,17,0,2,1,0,0,0,1.5219159011875882,4.0,other,0.2688354346672604,0.33818480426708225,1
2399,18,1,0,1,17.22125872959439,18,0,2,0,1,0,0,1.879725986688092,4.0,caucasian,0.8619997949318462,0.7533998564522923,1
2400,15,1,0,4,1.3972384136932336,11,0,0,1,0,1,0,2.0373480173849385,3.0,caucasian,0.06988933559740301,0.0489225349181821,2
2401,17,0,1,0,13.552223641991883,12,0,3,1,0,0,0,2.520673675043246,2.0,african_american,0.6783371725049424,0.6998360207534596,1
2402,17,0,2,3,3.456401029129046,25,0,0,0,0,0,0,0.1361659080098038,4.0,hispanic,0.17296581127142244,0.1210760678899957,0
2403,15,0,0,2,6.890117867881265,11,0,3,1,0,0,0,1.9746552454467765,4.0,caucasian,0.3448489969644597,0.46639429787512177,1
2404,16,1,1,1,1.2308606826967372,11,0,2,1,0,1,0,2.194980371913127,3.0,african_american,0.06156088692938498,0.19309262085056947,2
2405,16,0,1,1,5.399472737109241,17,1,1,0,0,1,0,1.7179959243485303,4.0,african_american,0.27023106955609005,0.264161748689263,1
2406,18,1,0,1,15.36842142234484,8,0,3,0,1,0,0,2.510328721169093,2.0,caucasian,0.7692514426662322,0.7634760098663625,1
2407,16,0,0,2,17.700306490945174,16,1,2,0,1,1,0,2.4349505569398877,3.0,caucasian,0.8859797149971281,0.7701858004979897,2
2408,15,0,1,2,4.430543038047341,20,0,2,1,1,0,0,1.3550534623962087,4.0,african_american,0.22172889794199874,0.3052102285593991,2
2409,17,1,0,2,9.270956785178438,15,0,2,1,1,0,1,1.5452551045196994,4.0,caucasian,0.46402777522263106,0.47481944265584175,3
2410,16,1,3,3,9.406480958744128,16,0,1,1,0,0,1,1.6190305128354965,4.0,other,0.47081177279284186,0.4045682409549893,2
2411,18,1,2,2,17.471506115194686,20,1,3,0,0,0,0,2.020741651591236,3.0,hispanic,0.8745265465156965,0.8371685825609875,0
2412,16,1,3,1,15.255981057516108,23,0,2,0,0,0,1,0.983576997394541,4.0,other,0.7636229622134664,0.6845360735494265,1
2413,15,1,0,1,10.261544367360996,7,0,1,1,0,0,1,2.0624682672770884,3.0,caucasian,0.5136140857220648,0.43452986000544536,2
2414,18,1,3,3,13.414944009435468,10,0,3,0,1,0,0,2.644194209070477,2.0,other,0.6714653010948523,0.6950257107663965,1
2415,16,1,0,1,16.947101078187337,23,0,0,1,1,0,0,1.3478638291935137,4.0,caucasian,0.848276155878636,0.5937933091150451,2
2416,18,1,0,0,0.1907790805108988,1,1,1,1,1,0,0,3.055253981943473,1.0,caucasian,0.009497030892442679,0.08164792162470988,2
2417,15,0,0,2,8.057800621000972,7,0,2,0,1,0,0,2.513692714891721,2.0,caucasian,0.4033002440853394,0.43231017085973755,1
2418,17,1,0,2,18.144863345541573,11,0,3,0,0,0,0,2.3403719144352,3.0,caucasian,0.9082331074514322,0.8607631752160024,0
2419,15,1,1,3,14.806260616879028,20,0,4,0,0,0,0,1.5820932661745084,4.0,african_american,0.741111093693735,0.8187777655856143,0
2420,15,0,0,2,10.856827486681492,0,0,3,1,0,1,0,3.5655241629362697,0.0,caucasian,0.5434124540043129,0.6053887178030191,2
2421,15,1,0,0,10.592890540702667,22,0,2,1,1,0,0,1.6014725497408242,4.0,caucasian,0.5302004376304126,0.5211403063412888,2
2422,15,0,1,3,6.955401952088756,12,0,3,1,1,0,0,2.637266428600202,2.0,african_american,0.3481169532041809,0.4686818672429266,2
2423,17,0,0,1,10.41041067283029,21,0,2,0,0,0,1,0.9052099482554694,4.0,caucasian,0.5210659566910505,0.5147461696837353,1
2424,17,1,1,1,13.107663989269064,20,1,1,0,0,0,0,1.5767564705892163,4.0,african_american,0.6560836399835024,0.5342585479884516,0
2425,18,0,0,2,8.36726076857586,16,0,4,1,0,1,0,1.785051807919565,4.0,caucasian,0.4187910368641459,0.5931537258049021,2
2426,16,1,2,0,14.28306292784348,13,1,1,0,0,0,0,1.8800650933404628,4.0,hispanic,0.7149211398443824,0.5754447978910676,0
2427,17,0,2,2,17.224644545207717,13,0,2,1,1,0,0,2.5552231050706653,2.0,hispanic,0.8621692803032722,0.7535184962122905,2
2428,17,0,0,1,3.093696963697224,15,0,3,0,0,0,0,1.574306088258861,4.0,caucasian,0.15480976254700515,0.33336683378290355,0
2429,16,0,0,2,9.030940456348487,16,0,3,0,0,1,0,1.8138466222839496,4.0,caucasian,0.4520131644801125,0.5414092151360788,1
2430,17,1,0,1,8.160401825701623,5,1,0,0,0,0,0,2.5844682625115074,2.0,caucasian,0.40843620105210543,0.2859053407364738,0
2431,15,1,2,2,13.74929608099456,25,0,0,0,1,0,1,0.5297986094952745,4.0,hispanic,0.6882021206700876,0.4817414844690613,2
2432,15,0,0,3,4.997349305158587,27,0,2,1,0,0,0,0.7146512864203396,4.0,caucasian,0.25010178698233754,0.3250712508876362,1
2433,16,0,0,1,12.805018299045525,6,0,2,0,0,0,1,2.737474165505196,2.0,caucasian,0.6409339617151005,0.5986537732005703,1
2434,18,1,0,1,17.54978483462976,25,1,2,1,0,0,0,1.2705295622953123,4.0,caucasian,0.8784449813489431,0.7649114869442601,1
2435,18,1,0,1,8.362631995872453,25,0,2,0,0,0,0,0.7508880429586313,4.0,caucasian,0.41855933220255837,0.4429915325417908,0
2436,16,0,0,1,18.2203139995844,0,0,4,0,0,0,0,3.75263935309428,0.0,caucasian,0.9120099764795192,0.9384069835356634,0
2437,16,0,2,2,19.86327477866957,24,0,1,0,1,1,0,1.1622578007219209,4.0,hispanic,0.9942524402408858,0.77097670816862,2
2438,15,1,0,2,2.121840998959041,14,1,2,0,1,0,0,1.8714659014427095,4.0,caucasian,0.10616110946975203,0.22431277662882643,1
2439,18,1,0,1,4.661063759697173,19,1,2,0,0,0,0,1.074937388775604,4.0,caucasian,0.2332681825907089,0.31328772781349623,0
2440,17,1,2,1,19.007595029641863,20,0,1,1,0,0,0,1.3127724135140753,4.0,hispanic,0.9514192748685928,0.7409934924080148,1
2441,15,1,2,1,19.166553729627736,17,0,1,0,1,0,0,1.7028816752194542,4.0,hispanic,0.9593763455969772,0.7465634419178839,1
2442,16,1,0,2,1.95414550773517,29,1,4,0,0,0,0,0.5403751565523403,4.0,caucasian,0.09776669705559615,0.36843668793891726,0
2443,18,0,0,1,0.2999700075427336,27,1,3,0,0,0,0,0.3418223884177119,4.0,caucasian,0.014962852702556727,0.2354739968917897,0
2444,17,1,0,4,3.222000465128445,25,0,1,0,0,0,1,0.2697208620534843,4.0,caucasian,0.16123231152153952,0.18786261806507765,1
2445,17,0,3,2,19.92025566764497,12,1,3,0,0,0,0,2.504167767054588,2.0,other,0.9971047595149095,0.9229733316604366,0
2446,15,1,0,1,3.5999923322137373,23,0,1,1,0,0,0,0.5303581886716461,4.0,caucasian,0.18015362895442627,0.2011075402680984,1
2447,18,0,3,2,10.050952134440465,29,0,3,0,1,1,0,0.820105530138668,4.0,other,0.5030723708467797,0.5771506595927458,2
2448,18,1,1,3,16.96835452861022,1,1,0,0,1,0,0,3.408489770633043,1.0,african_american,0.8493400498853945,0.5945380349197761,1
2449,16,1,1,2,0.4080322137641268,18,0,3,1,0,0,0,1.3503298063610123,4.0,african_american,0.020372173601917974,0.23926052152134256,1
2450,18,0,0,1,12.08977964516919,14,1,0,0,1,0,1,2.029736582447598,3.0,caucasian,0.6051309225793113,0.4235916458055179,2
2451,18,0,0,1,5.540508977392486,11,0,2,0,0,1,0,1.7745311027993365,4.0,caucasian,0.27729098725357326,0.3441036910775013,1
2452,15,1,0,3,17.246698328794633,14,0,3,0,0,1,0,1.9919099489857044,4.0,caucasian,0.8632732369652554,0.8292912658756787,1
2453,18,1,0,2,5.669222985281584,24,1,1,0,0,1,0,0.7540357233429884,4.0,caucasian,0.2837340851437698,0.27361385960063883,1
2454,17,1,1,2,13.735114405638178,17,0,2,0,0,0,0,1.4913821292254057,4.0,african_american,0.6874922218481436,0.6312445552937005,0
2455,15,1,3,3,13.48439264894794,13,0,0,1,1,0,0,2.1573918332612245,3.0,other,0.6749417244465777,0.47245920711260436,2
2456,15,1,1,3,4.429870977192801,5,1,3,1,1,0,1,3.107348400568035,1.0,african_american,0.22169525627435907,0.3801866793920513,3
2457,16,0,2,3,0.6959839973670023,11,0,2,1,1,0,0,1.9995718607021808,4.0,hispanic,0.03478631204603034,0.17435041843222124,2
2458,18,0,0,0,8.184991475707946,19,0,2,0,0,0,1,1.363340948163794,4.0,caucasian,0.4096670967772461,0.4367669677440722,1
2459,16,1,0,2,5.783863039317394,22,1,4,1,0,0,0,1.3068680389383789,4.0,caucasian,0.2894726764781844,0.5026308735347291,1
2460,17,0,0,2,16.179554992274173,29,0,2,0,0,0,0,0.5885556231650223,4.0,caucasian,0.8098547389102765,0.7168983172371935,0
2461,15,0,1,2,16.007283769106905,29,1,0,0,1,1,0,0.6819561389075344,4.0,african_american,0.8012312769209103,0.5608618938446372,2
2462,15,0,3,2,9.14047904385251,5,1,3,0,0,0,0,2.81858182437894,2.0,other,0.45749638929469816,0.5452474725062887,0
2463,15,1,1,1,12.13024450646438,25,0,3,0,0,1,0,0.7446928333756786,4.0,african_american,0.6071564912545,0.6500095438781499,1
2464,17,0,0,2,12.085190319738505,29,0,4,1,0,0,1,0.7251929462817994,4.0,caucasian,0.6049011925484872,0.723430834783941,2
2465,17,1,0,2,16.543162968552465,8,1,1,1,0,0,0,2.9268204402631444,2.0,caucasian,0.8280560351268924,0.6546392245888246,1
2466,16,0,1,0,8.50004828246395,29,0,2,1,1,0,0,0.5522575734248654,4.0,african_american,0.4254380441682303,0.4478066309177612,2
2467,16,1,0,2,5.5089335958101815,24,0,3,1,1,0,0,1.298729106820987,4.0,caucasian,0.27571040346326514,0.4179972824242856,2
2468,16,0,2,1,5.30069836281095,25,0,3,1,1,0,1,1.1867378284984922,4.0,hispanic,0.2652866740463554,0.41070067183244874,3
2469,18,1,2,1,10.723845585644083,3,0,3,0,1,0,1,3.3327885878934707,1.0,hispanic,0.5367557161708775,0.6007290013196143,2
2470,15,1,1,0,8.98296405464425,16,0,1,0,0,0,0,1.4890670205298442,4.0,african_american,0.449611587078637,0.3897281109550459,0
2471,15,0,0,2,8.802415419698724,1,1,1,1,0,1,0,3.30737811355316,1.0,caucasian,0.4405737787781006,0.3834016451446704,2
2472,16,1,0,2,1.8227467817941445,15,1,1,0,0,0,0,1.6109406825598966,4.0,caucasian,0.09118920896576373,0.13883244627603458,0
2473,15,1,0,2,14.372074813803913,23,0,4,1,1,0,0,2.057378500596372,3.0,caucasian,0.719376849864136,0.803563794904895,2
2474,16,1,0,2,4.274733759638214,13,0,1,0,0,0,0,1.673711404485327,4.0,caucasian,0.21392947929709205,0.22475063550796442,0
2475,18,1,0,3,3.9390726041744273,25,0,2,0,0,1,0,0.4906300621749082,4.0,caucasian,0.19712713029050152,0.2879889912033511,1
2476,18,1,1,1,8.255166405547868,7,0,2,0,0,0,1,2.2316569717750228,3.0,african_american,0.4131798763869516,0.43922591347086604,1
2477,17,1,1,1,4.555566832356028,13,1,2,1,0,1,0,2.259451153743707,3.0,african_american,0.22798727306795039,0.3095910911475652,2
2478,18,1,0,3,11.677165346160308,1,1,2,0,0,0,0,3.454462459935305,1.0,caucasian,0.5844764937179268,0.5591335456025487,0
2479,16,1,0,1,7.42926678668943,15,1,3,1,0,0,0,2.158610170146598,3.0,caucasian,0.37183742905700806,0.4852862003399056,1
2480,18,0,0,4,8.978234451855801,3,0,2,0,1,0,0,2.747908442514612,2.0,caucasian,0.449374835117856,0.4645623845824992,1
2481,17,0,0,3,10.743386432080577,0,0,1,1,0,0,1,3.323902960329112,1.0,caucasian,0.537733881550951,0.4514137170856657,2
2482,15,1,2,2,4.070710449636097,22,0,2,0,0,0,0,0.9097635331410971,4.0,hispanic,0.20371658809912552,0.2926016116693878,0
2483,16,1,0,4,3.115032457310596,19,0,3,0,1,0,0,1.1678958000789352,4.0,caucasian,0.15587776342850254,0.33411443439995175,1
2484,15,0,0,0,17.608438057472096,26,0,4,0,0,0,0,1.2204179764419896,4.0,caucasian,0.881381013429261,0.9169667094004827,0
2485,17,0,0,1,8.674474056628421,13,1,3,0,0,1,0,2.3345256438757365,3.0,caucasian,0.43416935753455266,0.5289185502741869,1
2486,17,0,2,2,8.241872192650783,7,1,3,0,0,0,0,2.8447322620424904,2.0,hispanic,0.41251440169252024,0.5137600811847641,0
2487,17,1,1,1,0.7122430054568296,24,1,2,1,0,0,0,0.9722477384320642,4.0,african_american,0.035600196893828075,0.17492013782567964,1
2488,15,0,0,3,9.959526051747863,27,1,3,0,0,0,1,0.8563970426697209,4.0,caucasian,0.4984958122408727,0.5739470685686108,1
2489,15,1,1,0,11.083394432220002,24,0,4,0,0,0,0,0.9526750330525334,4.0,african_american,0.5547538226146761,0.6883276758302732,0
2490,15,1,2,2,11.17681741909333,2,0,2,0,1,0,0,3.235302580709104,1.0,hispanic,0.5594303411963835,0.5416012388374684,1
2491,15,0,3,2,14.140623386457689,4,0,0,0,0,0,0,2.533432395797906,2.0,other,0.7077909764407683,0.49545368350853775,0
2492,17,1,0,2,3.549636699820236,5,0,4,0,0,0,0,2.772388536783242,2.0,caucasian,0.1776329532785229,0.424343067294966,0
2493,17,1,2,1,5.044462684612377,21,0,3,0,0,0,0,0.9467679046532856,4.0,hispanic,0.25246016367137897,0.4017221145699652,0
2494,16,1,3,1,16.214609304608253,25,1,2,0,1,0,0,1.3154643711031746,4.0,other,0.8116094691804784,0.7181266284263349,1
2495,16,1,3,3,18.94341233686788,7,0,4,0,1,1,0,3.31820802902305,1.0,other,0.9482064515000943,0.963744516050066,2
2496,15,0,1,1,2.7186549473464128,5,0,2,0,0,1,0,2.3311089198970865,3.0,african_american,0.13603610718567868,0.24522527502997507,1
2497,18,0,1,3,9.952991090104364,5,0,2,1,0,0,0,2.905973097807374,2.0,african_american,0.498168688579134,0.4987180820053938,1
2498,18,1,0,2,4.2835250547917365,3,0,3,0,1,1,0,3.344575197988929,1.0,caucasian,0.2143695493111076,0.3750586845177753,2
2499,17,1,2,2,1.2014633670996488,6,0,1,0,0,0,0,2.1681789248414423,3.0,hispanic,0.06008933161689529,0.1170625321318267,0
2500,17,0,1,2,6.510066762522708,29,0,3,0,0,0,1,0.211194222791904,4.0,african_american,0.32582459926865925,0.45307721948806146,1
2501,17,1,1,1,2.873752503684255,29,0,1,0,0,0,0,0.0,4.0,african_american,0.1437998988226854,0.17565992917587978,0
2502,16,0,0,2,14.198661468684923,23,1,1,0,0,0,0,0.8939860125136853,4.0,caucasian,0.710696216136758,0.5724873512957306,0
2503,16,1,2,3,10.674508273428888,18,0,2,1,0,1,0,1.8307932453900515,4.0,hispanic,0.534286015029137,0.5240002105203958,2
2504,17,1,2,2,2.8766894198062176,6,0,2,0,0,0,0,2.465117413971901,3.0,hispanic,0.14394691342023724,0.25076283939416605,0
2505,17,0,0,4,0.1848317681102873,2,0,1,1,0,0,0,2.6505223435766907,2.0,caucasian,0.009199323466427815,0.08143952642649947,1
2506,17,0,2,2,16.163140980484254,7,1,4,0,0,0,0,3.161961511352394,1.0,hispanic,0.8090330949690482,0.8663231664783337,0
2507,18,0,1,1,3.5238881232849506,0,0,2,1,0,0,0,2.905702974207415,2.0,african_american,0.17634404462070996,0.273440831234497,1
2508,16,0,2,1,12.12433284441532,0,1,1,1,0,1,0,3.7326847011603697,0.0,hispanic,0.606860568394972,0.4998023978764804,2
2509,18,1,0,4,6.738438261534911,13,1,2,0,1,0,0,2.109686328016939,3.0,caucasian,0.3372562992646252,0.3860794094852376,1
2510,18,0,0,1,11.709718766300712,5,1,3,0,0,0,0,2.546634577748015,2.0,caucasian,0.5861060356463084,0.6352742249524158,0
2511,17,1,3,3,6.31307253964648,9,0,2,0,0,0,1,2.1156039687255843,3.0,other,0.31596356640510065,0.3711744964835704,1
2512,17,0,0,3,1.7387912138450834,24,0,1,1,0,0,0,0.4837893904323065,4.0,caucasian,0.08698660544502705,0.13589062381151892,1
2513,15,0,2,1,4.459000171155072,27,0,1,0,0,0,0,0.0,4.0,hispanic,0.2231533900955291,0.23120737306687034,0
2514,15,1,0,0,3.761171329581512,13,0,2,0,0,0,0,1.811155480929165,4.0,caucasian,0.18822184215760063,0.2817552895103204,0
2515,18,0,1,2,8.560387048792876,3,0,2,0,0,0,1,2.6741625507699083,2.0,african_american,0.4284584502950128,0.4499209152065089,1
2516,16,0,0,1,13.165675668523146,5,1,3,0,0,1,0,3.102745561433283,1.0,caucasian,0.6589875580133938,0.6862912906093757,1
2517,17,0,1,2,5.276121498927151,15,1,4,1,0,0,0,2.432896398351312,3.0,african_american,0.26405641836218935,0.48483949285353256,1
2518,17,0,0,2,0.241398706012359,27,0,1,1,1,1,0,0.591872335776283,4.0,caucasian,0.012030921396046704,0.08342164497723269,3
2519,18,1,0,2,10.378747285295136,20,0,3,0,1,1,1,1.4197989848171118,4.0,caucasian,0.5194809675451915,0.588636677281634,3
2520,15,1,0,2,12.11518978717944,27,1,4,0,1,1,0,1.3649825214589588,4.0,caucasian,0.6064028900602472,0.7244820230421729,2
2521,16,0,0,1,19.257409880036192,0,0,4,0,0,0,0,3.524855822624972,0.0,caucasian,0.9639243748333326,0.9747470623833328,0
2522,15,0,3,2,11.789416061864936,5,0,4,1,0,1,0,3.0562181766199736,1.0,other,0.5900954808149077,0.7130668365704353,2
2523,15,0,3,1,9.423451187562836,8,0,3,1,1,0,0,2.5706824923097638,2.0,other,0.47166125955260607,0.5551628816868242,2
2524,15,1,0,1,11.468032517954075,14,1,2,0,0,0,1,2.134832886078039,3.0,caucasian,0.5740078329537665,0.5518054830676364,1
2525,15,1,2,2,18.55801259724054,11,0,2,0,1,0,1,2.3019321078440558,3.0,hispanic,0.9289143146923061,0.8002400202846143,2
2526,17,1,0,3,16.567562912032926,2,1,2,1,0,0,0,3.354368116289429,1.0,caucasian,0.8292774346228613,0.7304942042360029,1
2527,17,1,1,1,6.45957466727616,10,0,3,0,0,1,0,2.252575524405779,3.0,african_american,0.3232970926072635,0.4513079648250844,1
2528,15,0,2,2,4.745087273142746,14,0,2,0,0,0,0,2.059778342061027,3.0,hispanic,0.23747418729125808,0.31623193110388065,0
2529,16,0,3,2,5.252672247321472,2,0,1,0,0,0,0,2.705024407226965,2.0,other,0.26288260809845015,0.25901782566891507,0
2530,18,0,0,1,10.08842079430426,13,0,1,0,0,0,0,1.8208437343058652,4.0,caucasian,0.5049479572516792,0.4284635700761754,0
2531,16,1,2,1,14.880989024571557,1,0,3,0,0,1,0,3.2609504905530398,1.0,hispanic,0.7448518088951165,0.7463962662265815,1
2532,16,0,0,3,10.06438414365924,28,0,3,1,0,0,0,0.741527556169066,4.0,caucasian,0.5037447432767732,0.5776213202937412,1
2533,16,1,3,2,1.3559279165622518,3,1,2,0,0,1,1,2.943750197817776,2.0,other,0.06782143652975114,0.19747500557082578,2
2534,15,1,0,2,14.471614008799618,25,0,1,0,0,0,0,0.4474828563605549,4.0,caucasian,0.7243595303647796,0.5820516712553456,0
2535,17,0,1,2,16.119402573419077,18,1,3,0,0,0,0,1.844059263528674,4.0,african_american,0.8068436608670115,0.789790562606908,0
2536,16,0,1,0,5.789957302394393,11,1,0,1,0,0,0,1.899197563198893,4.0,african_american,0.2897777398836185,0.20284441791853294,1
2537,15,0,1,2,13.282514785667008,1,1,2,0,0,0,0,3.3788457271666,1.0,african_american,0.6648362288885225,0.6153853602219657,0
2538,16,1,0,2,8.531838021087868,16,1,2,0,0,0,1,1.666640097790168,4.0,caucasian,0.42702935813022064,0.44892055069115444,1
2539,16,1,3,2,17.782387114548857,2,0,4,0,0,0,0,3.309453585183811,1.0,other,0.8900884635431494,0.9230619244802045,0
2540,15,0,0,1,16.904511163214796,9,0,2,1,1,0,0,2.7618237513851387,2.0,caucasian,0.8461442123877638,0.7423009486714347,2
2541,17,0,1,0,10.508639966192844,15,1,2,0,0,0,1,2.042537978504808,3.0,african_american,0.5259830668269192,0.5181881467788434,1
2542,17,1,0,1,13.83011091627189,21,1,3,0,1,0,0,1.4874769372990635,4.0,caucasian,0.6922475070519691,0.7095732549363784,1
2543,18,0,0,4,17.66699402044208,8,1,2,0,1,0,1,2.8739722821184617,2.0,caucasian,0.8843121769262084,0.7690185238483459,2
2544,15,1,1,2,9.91434020156551,10,0,1,0,0,0,0,2.0159494650624468,3.0,african_american,0.4962339227950285,0.42236374595651993,0
2545,18,1,0,2,6.265014809776439,20,0,2,1,0,0,0,1.07029676373108,4.0,caucasian,0.3135579179212146,0.36949054254485025,1
2546,18,0,0,0,15.073322758191626,14,0,4,1,0,0,0,2.605399264020907,2.0,caucasian,0.7544795494466253,0.8281356846126378,1
2547,18,0,0,0,4.401325095693835,2,1,2,0,0,1,1,3.3633891187265865,1.0,caucasian,0.2202663216006889,0.3041864251204822,2
2548,17,0,0,2,7.770622960120841,15,0,3,0,1,0,0,2.12509059499954,3.0,caucasian,0.38892485626801165,0.4972473993876081,1
2549,15,0,2,2,17.314544742135872,29,0,4,0,1,0,0,1.0506689803906937,4.0,hispanic,0.8666694569247254,0.9066686198473077,1
2550,18,1,2,2,14.4884468053863,20,0,3,0,0,0,1,1.580050523836055,4.0,hispanic,0.7252021376143899,0.7326414963300729,1
2551,15,1,0,1,8.076220104949986,20,0,3,1,0,0,0,1.3970629516250068,4.0,caucasian,0.40422227689370827,0.5079555938255957,1
2552,15,1,0,2,4.294890048167148,20,0,3,0,1,0,0,1.1657871621526066,4.0,caucasian,0.21493845215268725,0.37545691650688107,1
2553,17,0,0,1,7.119367816644731,27,1,4,0,1,0,0,0.9620724862919864,4.0,caucasian,0.3563246699345551,0.5494272689541886,1
2554,18,1,0,1,5.68208298454866,11,1,4,1,0,0,0,2.310235179366311,3.0,caucasian,0.2843778242014256,0.49906447694099787,1
2555,18,0,1,2,3.5217857588770785,22,0,4,0,0,0,0,0.9357793408847956,4.0,african_american,0.17623880557250585,0.4233671639007541,0
2556,15,0,1,1,14.866658271313131,4,0,3,0,0,0,1,2.9380028297730134,2.0,african_american,0.7441344476102139,0.7458941133271496,1
2557,16,0,0,1,5.041397737003431,6,1,2,1,0,0,1,2.7671513375162338,2.0,caucasian,0.25230674014120824,0.3266147180988458,2
2558,17,0,0,2,9.083349403355276,8,0,1,1,1,0,0,3.026983310961493,1.0,caucasian,0.45463662389548404,0.3932456367268388,2
2559,17,0,0,2,7.717188936722181,20,1,2,1,1,0,0,1.5364194793970165,4.0,caucasian,0.38625008411950346,0.42037505888365234,2
2560,17,0,2,3,19.641547572712614,17,0,4,1,1,1,0,2.495379496847872,3.0,hispanic,0.9831533367607785,0.9882073357325449,3
2561,17,1,3,2,7.82184488296441,20,0,3,0,0,0,0,1.6155716602528696,4.0,other,0.39148889625416117,0.49904222737791276,0
2562,18,0,0,0,1.599649655935096,7,0,2,0,1,0,0,2.2103713279948844,3.0,caucasian,0.0800215307580439,0.20601507153063073,1
2563,18,1,0,1,1.7965150514416806,11,1,2,0,0,0,1,1.7980154436118352,4.0,caucasian,0.08987611484910946,0.21291328039437663,1
2564,16,1,2,4,11.815074427061296,19,0,2,1,0,1,0,1.5662885180613493,4.0,hispanic,0.5913798737211173,0.5639659116047822,2
2565,17,0,3,2,11.987271034765312,1,0,2,0,0,0,0,2.921386757069629,2.0,other,0.5999996006489953,0.5699997204542967,0
2566,17,0,0,2,8.3751798096531,9,0,3,0,0,0,0,2.519724822511747,2.0,caucasian,0.419187444043861,0.5184312108307026,0
2567,15,0,0,0,8.636873846240594,18,0,2,1,0,0,0,1.4892073187626624,4.0,caucasian,0.4322871860429346,0.45260103023005416,1
2568,18,1,0,2,1.0786516568174245,8,0,1,0,0,0,0,1.6636371244012207,4.0,caucasian,0.05394168782592096,0.11275918147814466,0
2569,17,0,1,0,10.330930207785244,24,0,2,0,0,0,0,0.7737842057946157,4.0,african_american,0.5170873655101682,0.5119611558571178,0
2570,16,1,0,2,10.094789507607034,23,0,1,0,1,0,0,0.8916240459711724,4.0,caucasian,0.5052667589416998,0.4286867312591899,1
2571,16,0,0,3,2.9909863711388907,7,0,4,0,0,0,0,2.215087048853621,3.0,caucasian,0.1496683299005784,0.40476783093040486,0
2572,18,0,1,4,2.076787722218552,23,0,2,0,0,0,0,0.6515150205017294,4.0,african_american,0.10390585631530751,0.22273409942071526,0
2573,16,1,0,2,2.47144981198981,23,0,4,0,0,0,0,0.9740174167472984,4.0,caucasian,0.12366164295926564,0.38656315007148595,0
2574,16,1,2,2,2.0205649298251704,23,0,1,0,1,0,0,0.3413935419913523,4.0,hispanic,0.10109148543997219,0.14576403980798053,1
2575,18,0,0,3,12.194163910735195,0,0,1,0,0,0,0,2.773483878750202,2.0,caucasian,0.6103561350660326,0.5022492945462228,0
2576,17,1,0,2,3.929653048058373,5,0,3,0,0,0,0,2.4978773036357613,3.0,caucasian,0.19665561112072918,0.36265892778451037,0
2577,17,1,1,0,5.0286030437492695,11,0,3,0,1,0,1,2.0764437464311585,3.0,african_american,0.2516662701374879,0.40116638909624147,2
2578,16,1,0,2,3.4714428830287947,24,0,2,0,0,1,0,0.7734276360335333,4.0,caucasian,0.17371876845701192,0.2716031379199083,1
2579,16,1,3,1,19.15670608897006,23,0,1,0,0,1,0,0.9881530769380218,4.0,other,0.9588833975971017,0.7462183783179711,1
2580,17,1,1,2,17.09234926303671,18,0,0,0,1,0,0,1.3775728397779787,4.0,african_american,0.8555469128747527,0.5988828390123269,1
2581,18,0,0,2,4.609896747030417,26,0,3,1,0,0,0,0.4765977404918081,4.0,caucasian,0.2307068912692166,0.3864948238884516,1
2582,16,0,2,2,6.55132587844252,16,0,1,1,1,0,0,1.8362421367971535,4.0,hispanic,0.327889926322754,0.30452294842592775,2
2583,15,1,0,1,4.197856846099944,1,1,2,0,0,0,0,2.9240321151586275,2.0,caucasian,0.2100812153237564,0.29705685072662946,0
2584,18,0,3,1,9.837519189216476,10,1,3,0,0,0,1,2.2887682028383933,3.0,other,0.49238845709392703,0.569671919965749,1
2585,16,0,0,2,0.3922106494850719,17,0,0,0,0,0,0,0.8221078891229036,4.0,caucasian,0.019580186085580036,0.013706130259906024,0
2586,16,1,1,3,13.427360177935912,22,0,1,1,1,0,0,1.46754910281344,4.0,african_american,0.672086823106182,0.5454607761743273,2
2587,15,0,0,2,10.463162996352832,27,1,0,1,0,0,0,0.654489820899693,4.0,caucasian,0.5237066046668629,0.36659462326680403,1
2588,15,1,0,1,17.972778566022065,21,1,4,0,0,1,0,1.8262650784023136,4.0,caucasian,0.8996189783598075,0.9297332848518651,1
2589,17,1,2,3,3.287853686568283,10,0,2,1,0,1,0,2.167614891739184,3.0,hispanic,0.16452875733252886,0.2651701301327702,2
2590,18,0,2,3,16.082184921222634,17,0,4,1,0,0,0,1.8125810860736853,4.0,hispanic,0.8049806392714788,0.863486447490035,1
2591,18,1,0,1,15.839220289334314,7,0,1,0,1,0,0,3.0101355275332478,1.0,caucasian,0.7928184439301541,0.6299729107511078,1
2592,17,1,0,0,2.5436237843377385,14,0,3,0,1,0,0,2.1366532091173225,3.0,caucasian,0.1272744895840302,0.31409214270882113,1
2593,18,1,2,2,7.971184482882552,8,0,1,0,0,1,0,2.2968145205845465,3.0,hispanic,0.39896445914693063,0.35427512140285145,1
2594,18,1,3,3,3.403052822890338,14,0,2,0,0,0,0,1.4996666752012844,4.0,other,0.1702953349130252,0.26920673443911763,0
2595,18,1,0,4,5.0944100091509785,6,1,3,0,0,0,0,2.527606693940515,2.0,caucasian,0.25496040048812785,0.40347228034168947,0
2596,18,0,0,3,5.264923496610887,19,0,3,1,0,0,0,1.378777261955536,4.0,caucasian,0.2634958746709347,0.40944711226965425,1
2597,18,0,0,2,11.124727880515454,12,0,3,0,1,0,0,2.4619770683944515,3.0,caucasian,0.5568228705596087,0.614776009391726,1
2598,15,1,2,2,8.22821863520931,12,0,3,0,0,0,1,2.142708088226998,3.0,hispanic,0.41183093911849616,0.5132816573829473,1
2599,18,1,0,0,18.954656080126107,0,0,1,1,0,1,0,3.4785197150728098,1.0,caucasian,0.9487692848672863,0.7391384994071003,2
2600,15,0,0,1,2.527402838940102,19,0,2,0,0,0,0,1.1359698905964322,4.0,caucasian,0.12646251005839415,0.2385237570408759,0
2601,18,1,2,2,19.47384269700397,3,0,2,0,0,0,0,3.315632432715557,1.0,hispanic,0.9747584545830357,0.832330918208125,0
2602,17,0,0,2,4.612772804285279,23,0,3,0,0,1,0,0.9452990404344148,4.0,caucasian,0.23085085942571165,0.3865956015979981,1
2603,16,1,0,2,15.457478727637062,3,0,1,0,1,1,0,3.360097709606442,1.0,caucasian,0.7737094262629306,0.6165965983840513,2
2604,15,1,0,2,6.779398523456428,3,1,4,0,0,0,0,3.58344760514376,0.0,caucasian,0.3393066664429653,0.5375146665100756,0
2605,18,1,0,1,2.861627908346278,12,0,2,1,0,0,1,2.268905391743987,3.0,caucasian,0.1431929722268722,0.2502350805588105,2
2606,17,1,0,2,17.1577837049248,1,0,3,0,0,1,1,3.3946498667267635,1.0,caucasian,0.8588223956399121,0.8261756769479385,2
2607,16,1,1,0,6.177217984729264,27,0,1,0,1,0,0,0.4239919484053893,4.0,african_american,0.30916303077952284,0.291414121545666,1
2608,15,1,0,2,13.177108084536844,25,0,2,0,0,0,0,0.8359897662567951,4.0,caucasian,0.6595598358618249,0.6116918851032773,0
2609,16,1,1,2,11.328873701732531,22,0,3,1,0,0,0,1.2860837347449834,4.0,african_american,0.56704189435933,0.6219293260515308,1
2610,17,0,2,2,9.435126187817486,14,0,2,1,0,0,0,2.131780853915055,3.0,hispanic,0.4722456805549696,0.4805719763884787,1
2611,15,0,2,4,9.91638945297078,3,0,4,1,0,0,0,3.308664019789773,1.0,hispanic,0.4963365031405737,0.6474355521984015,1
2612,16,0,0,1,14.644758281845752,26,0,3,0,1,0,0,0.9587762981739752,4.0,caucasian,0.733026695024312,0.7381186865170183,1
2613,18,1,0,2,1.7554582824688114,5,1,2,1,0,0,0,2.539771016481107,2.0,caucasian,0.0878209167717152,0.21147464174020064,1
2614,15,1,0,1,13.363613239158102,2,0,3,1,0,0,0,3.012897486759207,1.0,caucasian,0.6688958124812958,0.6932270687369071,1
2615,16,1,0,2,17.916242027971574,6,0,3,1,0,1,0,3.167455277075199,1.0,caucasian,0.8967889021699184,0.8527522315189427,2
2616,17,1,0,3,1.155763940397283,5,0,3,0,0,0,1,1.9045159017519453,4.0,caucasian,0.05780173382860401,0.2654612136800228,1
2617,17,1,1,2,2.813066784673335,2,1,1,0,0,0,0,3.033291953501386,1.0,african_american,0.14076212512161926,0.17353348758513348,0
2618,15,1,0,3,14.332638734040628,3,0,2,0,1,1,0,3.4577117259752934,1.0,caucasian,0.7174027793920288,0.6521819455744201,2
2619,16,1,0,1,8.745632964892351,9,0,3,0,0,0,0,2.4503354431504625,3.0,caucasian,0.43773139261700506,0.5314119748319035,0
2620,15,0,0,3,8.070972416273767,29,1,3,1,1,0,0,1.164702428020536,4.0,caucasian,0.40395959086292843,0.5077717136040498,2
2621,15,1,1,0,2.739332690884717,20,0,2,0,0,0,0,0.8270829163865822,4.0,african_american,0.1370711827609841,0.24594982793268885,0
2622,16,0,0,3,10.135400814355762,8,0,1,0,1,0,0,2.3983144793001743,3.0,caucasian,0.5072996583061288,0.43010976081429014,1
2623,16,0,1,1,2.530906223927545,29,0,2,0,0,0,0,0.0,4.0,african_american,0.1266378806555135,0.23864651645885945,0
2624,18,1,0,1,9.532409126210808,5,1,0,0,0,0,0,2.7577979305655766,2.0,caucasian,0.47711541855313844,0.3339807929871969,0
2625,16,1,2,2,15.272305979233137,28,1,3,0,0,0,0,0.3478369759058787,4.0,hispanic,0.7644401465308348,0.7601081025715843,0
2626,17,0,2,3,5.16528715774327,19,1,3,0,0,0,0,1.676727436835331,4.0,hispanic,0.2585083313936095,0.40595583197552665,0
2627,15,0,0,0,9.615723363594546,26,1,2,1,0,0,0,0.5742779997538898,4.0,caucasian,0.481285918686838,0.48690014308078655,1
2628,15,1,0,1,19.840319387936717,10,1,3,0,1,1,1,3.103994380105366,1.0,caucasian,0.9931033514041298,0.9201723459828908,3
2629,17,1,0,3,13.733008467080746,6,0,2,1,1,0,0,2.8020738343659453,2.0,caucasian,0.6873868038870468,0.6311707627209326,2
2630,16,0,0,1,16.827135426103972,17,1,3,0,0,1,0,2.1275892967469687,3.0,caucasian,0.8422709785672405,0.8145896849970683,1
2631,17,1,1,1,8.296952131210915,3,0,1,1,0,0,0,2.688349836315715,2.0,african_american,0.4152715641937044,0.36569009493559307,1
2632,17,1,2,2,15.357218462517109,4,0,2,0,0,0,0,2.7837652099236254,2.0,hispanic,0.7686906508144844,0.6880834555701391,0
2633,18,1,1,1,0.8101834588264367,3,0,3,0,1,1,0,3.133768038538137,1.0,african_american,0.04050284842973803,0.2533519939008166,2
2634,17,0,2,3,2.4582236508449,3,0,1,0,0,1,0,2.618699894953416,2.0,hispanic,0.12299957476353676,0.16109970233447574,1
2635,15,0,0,2,4.061411858401243,26,1,2,0,0,0,0,0.7716774917459892,4.0,caucasian,0.20325112412554847,0.2922757868878839,0
2636,17,0,0,2,8.03903849230439,12,0,2,0,1,1,0,2.2748420474669957,3.0,caucasian,0.40236105934699534,0.4316527415428967,2
2637,15,1,2,4,16.914897566515265,15,0,1,1,0,0,0,1.53961940600191,4.0,hispanic,0.8466641294837309,0.6676648906386116,1
2638,15,1,0,2,6.92532101575861,24,0,1,0,1,0,1,1.128068364082897,4.0,caucasian,0.3466111775657524,0.31762782429602665,2
2639,15,0,1,0,13.092423870309258,13,1,1,0,0,0,0,1.5956273665141478,4.0,african_american,0.6553207581501523,0.5337245307051066,0
2640,16,0,0,1,14.186285896069668,10,0,4,1,1,1,0,3.138498873000767,1.0,caucasian,0.7100767262528285,0.7970537083769799,3
2641,18,0,0,2,11.723647081766828,28,0,3,0,0,1,1,0.7988865726422566,4.0,caucasian,0.5868032519125522,0.6357622763387865,2
2642,15,1,3,1,7.144839363402724,1,0,2,0,0,0,0,2.9728834414945147,2.0,other,0.3575997111819527,0.40031979782736693,0
2643,15,0,0,3,11.541066834270886,21,0,3,1,1,0,1,1.556218796080208,4.0,caucasian,0.5776637462229597,0.6293646223560717,3
2644,16,0,3,2,6.845311855794924,13,0,0,0,0,1,0,1.8526717410372364,4.0,other,0.34260612125360185,0.23982428487752128,1
2645,15,1,3,1,1.6774747710402416,23,0,2,1,0,0,0,0.9749683449255788,4.0,other,0.08391725930508995,0.20874208151356294,1
2646,17,1,2,2,19.85607956372029,23,1,1,1,0,0,0,1.391431871322012,4.0,hispanic,0.9938922659675529,0.7707245861772869,1
2647,17,1,1,2,2.543649072650218,26,0,1,1,0,0,0,0.2364972221748906,4.0,african_american,0.12727575545303277,0.16409302881712293,1
2648,18,0,1,3,1.446967676721147,6,0,3,1,1,0,0,2.629933233823926,2.0,african_american,0.07237865680611132,0.2756650597642779,2
2649,15,1,2,3,17.57061498414312,25,0,1,0,0,0,1,0.5296032590122841,4.0,hispanic,0.8794876859821299,0.6906413801874909,1
2650,16,1,0,2,6.036693217857902,10,0,3,0,1,0,1,2.3191191467631675,3.0,caucasian,0.3021287161482097,0.43649010130374677,2
2651,17,0,0,2,13.005939481470152,3,0,2,1,0,0,0,2.759021764954944,2.0,caucasian,0.6509915682476493,0.6056940977733545,1
2652,16,1,1,2,6.580114593244657,6,0,0,0,0,0,0,2.09606565162715,3.0,african_american,0.32933101661778186,0.2305317116324473,0
2653,16,0,0,2,7.829085415889423,28,0,3,0,1,0,0,0.745518983001618,4.0,caucasian,0.391851339030811,0.49929593732156763,1
2654,17,0,0,1,5.24225944033593,15,1,2,1,0,0,0,1.7946671055341392,4.0,caucasian,0.2623613693007477,0.33365295851052335,1
2655,16,1,0,1,6.860880115860204,25,0,2,0,1,0,0,0.7012637128402552,4.0,caucasian,0.3433854290012641,0.39036980030088486,1
2656,17,1,1,2,8.214008011730861,5,0,1,0,0,0,0,2.45790140704778,3.0,african_american,0.4111195912267325,0.3627837138587127,0
2657,16,1,2,1,14.408321381846855,26,0,0,0,0,0,0,0.4291372796949342,4.0,hispanic,0.7211912614415112,0.5048338830090578,0
2658,17,1,0,0,10.230723884695836,5,0,4,0,0,1,0,3.0168978681026624,1.0,caucasian,0.5120712902634241,0.6584499031843969,1
2659,15,1,3,2,18.87130434313954,1,0,2,0,0,0,0,3.618272712167226,0.0,other,0.9445969075982551,0.8112178353187786,0
2660,18,1,1,0,0.8376078767755102,23,0,0,1,0,0,0,0.4258137609932144,4.0,african_american,0.041875645472774635,0.029312951830942242,1
2661,17,0,2,2,10.061366452640565,7,1,3,1,0,0,0,2.735960967147571,2.0,hispanic,0.503593685292063,0.5775155797044441,1
2662,17,0,1,2,11.684495776634362,29,0,1,1,0,0,1,0.2234305089365645,4.0,african_american,0.5848434365386516,0.4843904055770561,2
2663,18,1,2,4,18.40393972148548,26,0,1,0,0,1,0,1.0117467565808471,4.0,hispanic,0.9212018159752333,0.7198412711826633,1
2664,17,0,0,2,0.9831704724285516,6,1,1,0,0,0,0,2.573440474302304,2.0,caucasian,0.04916214107900062,0.10941349875530043,0
2665,17,1,2,0,11.46999169870432,26,0,2,0,0,0,1,0.2001455273690356,4.0,hispanic,0.5741059045899888,0.5518741332129922,1
2666,16,0,0,2,17.07259857055914,24,1,0,0,0,0,0,0.8026478062416247,4.0,caucasian,0.8545582431322815,0.598190770192597,0
2667,18,0,2,3,4.838554562384731,23,0,2,0,0,0,1,0.539645751276114,4.0,hispanic,0.24215292353755935,0.3195070464762915,1
2668,15,0,3,4,17.52584697047875,13,0,3,0,0,1,0,2.481595433779514,3.0,other,0.877246712376229,0.8390726986633602,1
2669,17,1,0,2,0.3808681854858364,8,0,1,0,0,0,1,1.6338115616970532,4.0,caucasian,0.019012411007625254,0.08830868770533767,1
2670,18,0,0,1,14.649092582674594,14,1,2,0,0,0,0,2.401469995162927,3.0,caucasian,0.7332436591681825,0.6632705614177277,0
2671,16,1,2,3,18.66226442337306,24,1,2,1,0,1,0,1.2658914451513914,4.0,hispanic,0.9341328975957482,0.8038930283170238,2
2672,15,0,0,1,13.143953232801245,21,0,2,0,1,0,0,1.2662863438742906,4.0,caucasian,0.657900187788,0.6105301314516,1
2673,18,0,2,2,8.78058487960896,17,0,4,1,0,0,0,1.6224646303185568,4.0,hispanic,0.4394809971213022,0.6076366979849115,1
2674,15,0,0,2,0.8976203294543605,11,0,2,0,0,0,0,1.8582963066751943,4.0,caucasian,0.04487971716304304,0.18141580201413013,0
2675,15,0,0,0,18.40227626645257,22,0,0,0,1,0,0,0.6404398092314469,4.0,caucasian,0.921118547620928,0.6447829833346496,1
2676,15,0,3,1,9.405924453831496,18,0,2,0,0,1,0,1.3978971899557189,4.0,other,0.47078391556356847,0.47954874089449795,1
2677,17,1,1,1,0.5799348867189602,12,0,1,0,0,0,0,1.4291805817178274,4.0,african_american,0.028977186899217775,0.09528403082945244,0
2678,17,1,2,2,13.796421426575238,6,0,3,0,1,1,0,2.9346921024221517,2.0,hispanic,0.6905610963531947,0.7083927674472363,2
2679,16,0,0,3,9.636745071525164,24,0,0,0,0,0,0,0.632826221112053,4.0,caucasian,0.482338212250199,0.3376367485751393,0
2680,16,0,1,1,2.4869063488482146,9,0,1,1,1,0,1,2.5653473181422046,2.0,african_american,0.12443535812558958,0.1621047506879127,3
2681,18,0,1,3,4.285436186205192,29,1,2,0,1,0,0,0.3979893966925436,4.0,african_american,0.21446521571898247,0.3001256510032877,1
2682,16,0,1,0,1.2898136091169254,9,1,1,0,0,0,0,2.0645643026074056,3.0,african_american,0.06451192141326265,0.12015834498928385,0
2683,15,1,1,2,11.485870794171472,1,0,2,0,1,0,0,3.121119482369849,1.0,african_american,0.5749007719721838,0.5524305403805286,1
2684,15,0,1,0,12.440589585040184,13,1,1,0,1,0,0,1.920609662813219,4.0,african_american,0.6226915814424112,0.5108841070096878,1
2685,17,1,0,3,10.114845967108888,12,0,4,1,0,1,0,2.3299096451911727,3.0,caucasian,0.5062707346085328,0.6543895142259729,2
2686,15,0,0,2,16.3420426600523,21,1,1,0,1,0,0,1.2720101075733885,4.0,caucasian,0.8179884608463245,0.647591922592427,1
2687,18,1,2,2,17.220176426160272,28,0,4,0,0,0,0,1.06642462275961,4.0,hispanic,0.861945617557625,0.9033619322903375,0
2688,15,0,0,3,12.312487933662531,5,0,2,0,0,1,0,2.905384065736881,2.0,caucasian,0.616279136571351,0.5813953955999457,1
2689,15,0,1,2,0.2551295941486109,8,1,3,1,0,1,1,2.567031802833057,2.0,african_american,0.012718254949185975,0.23390277846443017,3
2690,18,1,0,4,13.904593114954713,12,0,1,0,0,0,1,1.6943843846574218,4.0,caucasian,0.6959758976526563,0.5621831283568594,1
2691,16,0,1,2,8.359984338407031,8,1,3,1,0,1,0,2.801388938876275,2.0,african_american,0.41842679716220654,0.5178987580135446,2
2692,16,0,2,3,11.31114966452774,12,1,2,0,0,0,1,1.813628891214413,4.0,hispanic,0.5661546738571267,0.5463082716999886,1
2693,18,0,0,2,12.981612040377687,4,1,2,1,0,0,0,3.3432781941994127,1.0,caucasian,0.6497737980379624,0.6048416586265737,1
2694,17,1,0,1,7.004732286541535,13,0,3,1,0,1,0,2.184691612286099,3.0,caucasian,0.3505863050567722,0.4704104135397405,2
2695,15,0,0,2,18.341970103435884,4,0,2,1,0,0,0,3.4922119973943024,1.0,caucasian,0.9180997735335462,0.7926698414734823,1
2696,18,0,1,1,2.679497334995624,8,0,2,0,0,1,0,1.8136795536240535,4.0,african_american,0.13407597608837118,0.2438531832618598,1
2697,15,1,2,2,13.430236145620748,7,1,0,0,0,1,1,2.7725493723030685,2.0,hispanic,0.672230786779028,0.4705615507453196,2
2698,17,1,0,2,0.0871915991316085,6,0,1,0,1,0,0,2.4400060965135784,3.0,caucasian,0.004311703408112098,0.07801819238567846,1
2699,15,1,2,2,18.493022108103617,7,0,2,0,0,0,0,2.8684641563014504,2.0,hispanic,0.9256610550797101,0.797962738555797,0
2700,18,0,0,0,2.25008266476183,21,0,0,0,0,0,0,0.5166315139842032,4.0,caucasian,0.11258056310902628,0.07880639417631839,0
2701,15,0,0,1,1.8976846029514929,2,0,1,1,0,0,0,2.8914784699994827,2.0,caucasian,0.09494040687586885,0.14145828481310818,1
2702,16,0,3,2,6.660152661044885,22,0,1,0,0,0,0,0.7109569819873364,4.0,other,0.33333751998316064,0.3083362639882124,0
2703,17,1,0,4,7.471325720781612,23,0,1,0,0,0,0,0.4244328946229094,4.0,caucasian,0.3739427929871465,0.33675995509100254,0
2704,17,0,0,1,4.286001446457572,14,1,2,1,1,1,0,2.248337588471201,3.0,caucasian,0.21449351121843313,0.30014545785290314,3
2705,17,0,0,2,11.702433218542494,7,0,2,0,1,1,0,2.7154909355151484,2.0,caucasian,0.5857413395408902,0.5600189376786231,2
2706,18,1,0,2,8.858281960839271,0,1,4,1,0,0,0,4.0,0.0,caucasian,0.44337031661619963,0.6103592216313397,1
2707,17,1,0,2,0.6835117808217483,6,0,2,1,0,0,0,2.676389709344022,2.0,caucasian,0.034161984411247646,0.17391338908787335,1
2708,16,1,0,1,6.393041245106012,18,0,4,1,0,0,0,1.8547004421395887,4.0,caucasian,0.3199665976670283,0.5239766183669198,1
2709,18,1,1,2,16.20865827146341,1,0,3,1,0,0,0,3.5485205508668662,0.0,african_american,0.811311575503412,0.7929181028523884,1
2710,16,1,0,1,13.794030697237371,13,0,4,0,0,1,1,1.9523336493468064,4.0,caucasian,0.6904414224854825,0.7833089957398377,2
2711,15,0,1,4,14.49741707159761,17,0,3,0,0,0,0,1.84964338845104,4.0,african_american,0.7256511664671811,0.7329558165270267,0
2712,15,1,0,1,13.962338481670471,29,1,3,0,0,0,0,0.8752010880422385,4.0,caucasian,0.6988664847500258,0.714206539325018,0
2713,15,0,0,1,6.219460427660666,14,0,2,0,0,1,0,1.7935557295101183,4.0,caucasian,0.31127758069830536,0.3678943064888137,1
2714,15,0,1,0,1.9932784415355176,13,0,1,0,1,1,0,1.8556669117535305,4.0,african_american,0.09972559280704744,0.1448079149649332,2
2715,16,1,3,1,5.44934368066192,23,0,1,1,0,0,0,0.5511396527389846,4.0,other,0.27272748293374854,0.265909238053624,1
2716,18,1,0,2,16.635706003703184,24,1,4,0,1,0,0,1.580398635704129,4.0,caucasian,0.8326885055495813,0.8828819538847068,1
2717,18,1,2,1,19.609415955661422,18,0,4,0,0,1,1,1.8741577780119305,4.0,hispanic,0.9815449092288698,0.9870814364602087,2
2718,17,0,1,0,9.876940294831227,29,0,3,1,0,0,1,0.5152393995715008,4.0,african_american,0.4943617779980082,0.5710532445986056,2
2719,16,1,1,2,0.1940070984608444,18,0,3,0,0,0,0,1.331229485851261,4.0,african_american,0.009658617311698082,0.23176103211818863,0
2720,15,1,1,0,2.8008962426845807,21,1,4,0,1,0,1,1.621772736089614,4.0,african_american,0.14015289855260546,0.3981070289868238,2
2721,16,1,0,0,6.441611506325316,26,0,2,0,1,0,1,0.384375395876116,4.0,caucasian,0.32239790217475545,0.3756785315223288,2
2722,17,1,0,3,11.571706971858994,25,0,3,1,0,0,0,1.3635615499322744,4.0,caucasian,0.5791975140628934,0.6304382598440254,1
2723,17,1,1,2,1.5018729161062794,16,0,2,1,0,0,0,1.479668777301296,4.0,african_american,0.07512707430817442,0.20258895201572208,1
2724,16,0,0,3,18.867145974197637,21,1,2,1,0,0,0,1.5812038761627714,4.0,caucasian,0.9443887501599496,0.8110721251119647,1
2725,16,0,3,3,7.3016734656880145,27,0,0,0,0,0,0,0.0,4.0,other,0.36545042991969795,0.25581530094378857,0
2726,16,0,0,2,18.251684358496465,18,1,2,1,0,0,0,1.886578592822845,4.0,caucasian,0.9135802973531819,0.7895062081472273,1
2727,18,1,0,0,15.610436055140436,26,0,3,0,0,0,0,0.863545351686935,4.0,caucasian,0.7813660834542461,0.7719562584179722,0
2728,15,1,2,2,15.108745450311623,15,0,2,0,0,0,0,1.4887052948653967,4.0,hispanic,0.7562527198777729,0.6793769039144409,0
2729,16,1,0,3,12.13439159564464,19,0,3,0,0,0,1,1.4729004934270762,4.0,caucasian,0.607364084056449,0.6501548588395143,1
2730,16,0,1,2,12.535676341036892,24,1,2,0,0,1,0,1.3440857175872982,4.0,african_american,0.6274513841009991,0.5892159688706994,1
2731,16,1,1,2,12.760064704324964,18,0,1,0,0,0,0,1.364736910668082,4.0,african_american,0.6386836983906118,0.5220785888734282,0
2732,17,1,3,1,12.57442774051164,0,1,3,1,0,0,0,3.8302053754229743,0.0,other,0.6293911812084984,0.6655738268459488,1
2733,17,1,2,3,11.074564627967224,18,0,3,0,0,0,0,1.597365745031795,4.0,hispanic,0.5543118249324895,0.6130182774527426,0
2734,18,0,1,2,19.728280369657774,6,1,1,0,1,1,0,3.320316974439931,1.0,african_american,0.9874949613451804,0.7662464729416262,2
2735,15,1,1,4,14.645811348513922,28,0,2,0,0,0,0,0.6487053948776081,4.0,african_american,0.7330794088799303,0.6631555862159512,0
2736,18,0,3,1,15.538927767850424,22,0,2,0,0,0,0,1.0182646498699195,4.0,other,0.777786559340858,0.6944505915386007,0
2737,15,1,0,1,17.449256301673483,10,0,4,0,0,0,1,2.440769899927139,3.0,caucasian,0.8734127770906993,0.9113889439634895,1
2738,17,0,0,1,4.312795254516983,4,0,3,1,1,0,0,3.1525193708574304,1.0,caucasian,0.2158347415243581,0.37608431906705064,2
2739,17,0,0,2,1.6760831819012156,29,0,1,1,0,0,0,0.2170420107058955,4.0,caucasian,0.08384759987024892,0.13369331990917424,1
2740,17,0,0,1,9.657888731971973,16,0,2,1,1,0,0,1.8116223809515477,4.0,caucasian,0.48339661044826654,0.48837762731378653,2
2741,18,1,1,0,10.281613912385463,10,0,3,1,0,0,0,2.777966932491008,2.0,african_american,0.5146187164170841,0.5852331014919588,1
2742,16,1,1,4,16.583635598998356,23,0,3,0,0,0,1,1.223828264622006,4.0,african_american,0.8300819927061274,0.8060573948942891,1
2743,16,0,1,0,8.875671585646714,25,0,3,1,0,0,0,1.101939932271634,4.0,african_american,0.4442407972790711,0.5359685580953497,1
2744,17,0,0,3,11.417060510886255,7,0,1,0,0,0,0,2.060172050067505,3.0,caucasian,0.5714563031196499,0.47501941218375493,0
2745,16,1,2,1,10.541418770269166,9,0,3,0,0,0,0,2.5244226584154354,2.0,hispanic,0.5276238909054398,0.5943367236338079,0
2746,16,1,0,3,0.7640556751478211,11,0,3,0,0,0,0,1.9665140417865183,4.0,caucasian,0.03819380817395476,0.2517356657217683,0
2747,18,0,1,2,12.30429793193828,9,0,3,0,0,0,0,2.8415190017676264,2.0,african_american,0.6158691657865418,0.6561084160505792,0
2748,15,1,1,3,16.560865715485043,12,0,2,0,0,0,0,2.200020267296471,3.0,african_american,0.8289421898918832,0.7302595329243182,0
2749,17,1,0,3,3.1500109615160765,25,1,3,0,0,0,0,0.9252693613945324,4.0,caucasian,0.1576286989354036,0.3353400892547825,0
2750,17,1,0,0,11.886634678531916,17,1,3,0,0,1,0,1.8425841347566336,4.0,caucasian,0.594961999030039,0.6414733993210273,1
2751,18,1,0,0,11.872210888928286,9,0,3,1,0,0,0,2.6696408286087285,2.0,caucasian,0.5942399805808594,0.6409679864066016,1
2752,18,0,2,1,3.283699281127175,18,0,2,0,0,0,0,1.3276664298868446,4.0,hispanic,0.16432079829705476,0.2650245588079383,0
2753,16,1,3,2,2.4692714746147204,19,0,1,0,0,0,1,0.7547506714781123,4.0,other,0.12355260089635615,0.1614868206274493,1
2754,17,1,1,3,19.60103885952969,16,0,2,1,0,0,1,1.845656783786327,4.0,african_american,0.9811255729709324,0.8367879010796526,2
2755,15,0,0,2,7.874383393060751,19,0,2,0,0,0,0,1.537989779203268,4.0,caucasian,0.3941188412703048,0.4258831888892133,0
2756,18,0,0,2,4.548434574470585,15,0,2,1,0,0,0,1.58092662695241,4.0,caucasian,0.22763025026609937,0.3093411751862696,1
2757,15,1,2,1,3.426490889087499,4,0,2,1,0,0,0,2.883799714630056,2.0,hispanic,0.17146858526348693,0.27002800968444085,1
2758,15,1,2,3,13.3520342716647,2,0,2,0,0,1,0,3.054990810980984,1.0,hispanic,0.6683161986362225,0.6178213390453557,1
2759,17,1,0,4,12.188905946545576,29,0,3,0,0,0,0,0.3280857038991219,4.0,caucasian,0.6100929346690249,0.6520650542683174,0
2760,17,1,0,1,12.871042459748349,26,0,1,0,1,0,0,0.6115693055183088,4.0,caucasian,0.6442389643135193,0.5259672750194635,1
2761,18,0,2,2,1.7601205502290451,14,0,2,0,0,0,0,1.5674124377048069,4.0,hispanic,0.08805429811118352,0.21163800867782845,0
2762,17,0,0,0,17.87069166996874,25,0,3,0,0,0,0,1.2197472447014093,4.0,caucasian,0.8945087663839312,0.8511561364687518,0
2763,17,0,0,2,7.785327936180966,1,0,2,0,1,0,1,3.0213988805197203,1.0,caucasian,0.3896609502004609,0.42276266514032257,2
2764,17,1,0,2,6.267388128607159,12,1,2,0,0,0,1,2.262147696008476,3.0,caucasian,0.31367672026294696,0.3695737041840629,1
2765,15,1,1,1,9.247228944954784,21,1,2,0,1,0,0,1.4550854526151875,4.0,african_american,0.4628400195168522,0.47398801366179655,1
2766,18,1,2,2,7.801321314952565,7,0,2,0,0,1,0,2.448840530622927,3.0,hispanic,0.3904615383160076,0.4233230768212053,1
2767,16,1,3,1,17.27154006278292,22,0,1,1,0,0,0,1.2800415789704742,4.0,other,0.8645167513773515,0.6801617259641459,1
2768,15,0,1,2,18.58521950395784,26,0,2,0,0,0,0,1.0433801278881183,4.0,african_american,0.9302762236728737,0.8011933565710115,0
2769,17,0,1,2,6.069064328992124,29,0,4,1,1,1,1,1.035181530409912,4.0,african_american,0.30374913214855626,0.5126243925039894,4
2770,15,1,0,0,17.278716149199095,16,0,2,0,0,0,1,1.5730510214028783,4.0,caucasian,0.8648759681246675,0.7554131776872672,1
2771,17,0,1,2,15.630462590661342,3,0,0,1,0,0,0,2.898151345753362,2.0,african_american,0.7823685612022304,0.5476579928415612,1
2772,17,1,0,2,18.61615344689524,18,0,3,0,0,0,0,1.8209201086118587,4.0,caucasian,0.931824698665954,0.8772772890661678,0
2773,15,1,1,1,4.915006243717757,21,0,2,0,0,0,0,0.7287945170807484,4.0,african_american,0.24597990146154117,0.3221859310230788,0
2774,18,0,0,0,11.539183002419582,24,1,1,0,0,0,0,0.9023572553597988,4.0,caucasian,0.5775694463621622,0.4792986124535136,0
2775,17,1,0,2,5.490891694808893,8,1,3,0,0,0,1,2.421061773387504,3.0,caucasian,0.27480727150285955,0.4173650900520016,1
2776,18,1,0,4,16.481889809687484,22,0,1,0,0,1,0,1.2212994205081906,4.0,caucasian,0.8249888556715779,0.6524921989701045,1
2777,16,0,0,1,0.1064838114212851,14,0,4,0,0,0,0,1.9961073864422316,4.0,caucasian,0.005277422791257561,0.3036941959538803,0
2778,17,1,0,1,11.29638325772792,27,0,2,0,1,0,0,0.622706295394981,4.0,caucasian,0.5654155048571241,0.5457908533999869,1
2779,18,1,0,1,6.78406862543836,8,1,3,0,0,1,0,2.902602512683793,2.0,caucasian,0.33954043994376965,0.4626783079606387,1
2780,18,0,3,2,6.453674141556405,23,1,2,0,1,0,0,1.3486070016063347,4.0,other,0.3230017272042317,0.3761012090429622,1
2781,16,1,0,1,12.89812647729834,20,1,1,0,0,1,0,1.35114105198072,4.0,caucasian,0.645594721772993,0.5269163052410951,1
2782,18,0,1,1,17.02968898627988,8,0,3,0,0,0,0,2.7455540828498277,2.0,african_american,0.852410297803929,0.8216872084627502,0
2783,18,1,2,2,12.183907827866523,13,1,4,1,0,1,0,2.993214464144568,2.0,hispanic,0.6098427414814761,0.7268899190370333,2
2784,16,0,3,2,17.06345957293445,22,0,3,0,0,0,0,1.5892697074168551,4.0,other,0.8541007680114314,0.8228705376080019,0
2785,17,0,1,1,5.291942237620599,20,1,3,1,0,1,0,1.653099762097065,4.0,african_american,0.26484836455179867,0.41039385518625904,2
2786,18,0,2,2,10.390037095299622,15,1,4,0,1,0,1,2.136285525349759,3.0,hispanic,0.5200461068972603,0.6640322748280821,2
2787,18,1,0,2,9.01073078134152,23,0,1,0,0,0,0,0.7370487522929228,4.0,caucasian,0.45100151923236953,0.39070106346265865,0
2788,18,0,0,0,0.2328979900619243,22,0,0,0,0,0,0,0.3527519592274268,4.0,caucasian,0.011605397042453445,0.008123777929717411,0
2789,15,0,0,0,11.136242862814802,24,1,0,0,0,0,0,0.6901567908276482,4.0,caucasian,0.5573992814676002,0.39017949702732013,0
2790,16,0,1,3,13.230486482923498,25,0,3,1,0,0,0,0.9430459197705604,4.0,african_american,0.6622318235628329,0.6885622764939829,1
2791,15,0,1,0,11.8382880883814,16,0,3,0,0,0,0,1.8819787410279116,4.0,african_american,0.5925418909306519,0.6397793236514563,0
2792,16,0,0,2,14.72559797566843,12,0,3,1,1,0,0,2.474039536809681,3.0,caucasian,0.7370733257621398,0.7409513280334978,2
2793,17,1,0,3,11.42679056906154,8,0,4,0,0,0,1,2.5077426742068285,2.0,caucasian,0.5719433652376649,0.7003603556663653,1
2794,17,1,1,1,1.3350050970151384,14,0,3,0,0,0,0,1.563591912280606,4.0,african_american,0.06677409306891258,0.2717418651482388,0
2795,18,1,0,1,2.3289104816942285,6,0,2,0,0,0,0,2.4556437547462835,3.0,caucasian,0.11652648437505936,0.23156853906254155,0
2796,16,1,1,2,11.929491550879048,0,0,1,0,0,0,0,2.7366048752761047,2.0,african_american,0.5971073057323069,0.4929751140126148,0
2797,17,1,1,3,5.499583839472804,0,0,4,0,1,0,0,3.2620199899463747,1.0,african_american,0.2752423782939835,0.49266966480578844,1
2798,16,1,2,3,1.5929025806953168,4,0,1,0,0,1,1,2.28387095613807,3.0,hispanic,0.07968378922582563,0.13077865245807793,2
2799,17,1,2,2,8.592054868970935,23,0,2,0,0,0,0,1.1544100089135072,4.0,hispanic,0.4300436613277714,0.45103056292944,0
2800,15,0,2,0,11.086451961673108,8,0,2,1,1,0,0,2.7890998282690926,2.0,hispanic,0.5549068748107159,0.5384348123675011,2
2801,17,1,0,2,6.574919766992132,11,0,1,0,0,0,0,1.5386892509239083,4.0,caucasian,0.32907097674631414,0.3053496837224199,0
2802,15,0,2,2,14.40867404451556,5,0,3,1,0,0,0,3.0560700900603366,1.0,hispanic,0.7212089148432967,0.7298462403903077,1
2803,17,0,1,2,12.875412162024894,27,1,1,0,0,0,0,0.7408967018564105,4.0,african_american,0.6444577005643791,0.5261203903950653,0
2804,18,1,0,0,6.656367221833439,12,0,4,0,0,0,0,2.499681179530751,3.0,caucasian,0.3331480304645237,0.5332036213251665,0
2805,15,0,0,1,15.097450578171212,25,1,2,1,0,0,0,0.8952499802854423,4.0,caucasian,0.7556873271279749,0.6789811289895824,1
2806,17,0,0,2,12.973900850660709,27,0,3,1,0,1,0,0.7742848136453381,4.0,caucasian,0.6493877953719653,0.6795714567603757,2
2807,18,0,0,2,12.74890757435804,7,1,3,0,1,0,0,3.01480253360998,1.0,caucasian,0.6381252006658539,0.6716876404660976,1
2808,15,0,1,1,11.06855401574136,14,0,3,0,0,0,0,1.821442173929074,4.0,african_american,0.5540109488772227,0.6128076642140559,0
2809,18,1,2,1,0.2277933617710559,5,0,4,0,0,0,0,2.543009095435074,2.0,hispanic,0.011349872252956795,0.30794491057706974,0
2810,16,1,0,3,13.930143669537784,26,0,1,1,0,0,0,0.645454380244234,4.0,caucasian,0.6972548938320728,0.5630784256824509,1
2811,16,1,0,2,7.5208358221831295,5,0,0,0,0,0,0,2.631367841368872,2.0,caucasian,0.37642114351880257,0.26349480046316176,0
2812,15,1,3,1,18.852194203173116,3,0,0,1,0,0,0,2.7124204664131986,2.0,other,0.9436403022953955,0.6605482116067768,1
2813,17,1,0,1,16.359695421544107,10,0,3,0,1,0,0,2.672755461068081,2.0,caucasian,0.8188721134664962,0.7982104794265473,1
2814,15,1,0,1,11.753889390626243,20,0,4,0,0,1,0,1.7148117851610198,4.0,caucasian,0.5883171054519017,0.7118219738163312,1
2815,18,1,1,3,5.043639636385389,29,1,2,1,0,0,0,0.2109791787447653,4.0,african_american,0.25241896395751867,0.32669327477026305,1
2816,17,1,1,2,4.074347865553332,17,0,3,1,0,0,0,1.859071573097468,4.0,african_american,0.2038986679458062,0.3677290675620643,1
2817,16,1,0,2,6.807696753550983,2,0,0,0,1,0,0,2.672866707350141,2.0,caucasian,0.34072320431330827,0.23850624301931578,1
2818,17,1,0,2,9.531358871600371,2,0,1,1,0,0,0,2.7192011567406125,2.0,caucasian,0.4770628454620223,0.4089439918234156,1
2819,16,0,0,1,5.921310200778942,29,0,3,1,0,0,0,0.7369928855488138,4.0,caucasian,0.29635293396181,0.432447053773267,1
2820,17,1,1,3,10.298589907849657,11,1,0,1,0,0,0,2.295213477500577,3.0,african_american,0.5154684918405452,0.3608279442883816,1
2821,17,0,1,2,3.3074085102637185,26,1,2,1,1,0,0,0.84069094147179,4.0,african_american,0.16550762237885533,0.2658553356651987,2
2822,17,0,0,1,19.55425625651,20,1,3,0,1,0,0,2.131628504443662,3.0,caucasian,0.978783754114093,0.9101486278798651,1
2823,18,0,1,1,2.1584910992998774,29,1,3,1,1,1,1,0.9922965742511932,4.0,african_american,0.10799572085396904,0.3005970045977783,4
2824,18,0,2,2,18.63888279308744,20,0,2,1,1,0,0,1.451872243083537,4.0,hispanic,0.9329624722843678,0.8030737305990574,2
2825,15,1,0,3,18.271560228053897,5,0,3,0,0,1,1,2.860396826235563,2.0,caucasian,0.9145752331438665,0.8652026632007065,2
2826,15,0,0,1,10.50720963638996,20,0,2,0,0,0,0,1.1825650544782942,4.0,caucasian,0.5259114681323686,0.5181380276926579,0
2827,16,1,1,3,14.498205436721689,27,1,0,0,0,0,0,0.1306542378736745,4.0,african_american,0.7256906300325766,0.5079834410228036,0
2828,18,1,0,2,8.720965959451757,5,1,3,1,0,0,0,3.3627162150851144,1.0,caucasian,0.43649662467435263,0.5305476372720468,1
2829,16,0,0,1,12.600691550848763,7,0,1,1,0,0,1,2.251847104187132,3.0,caucasian,0.6307058811680976,0.5164941168176682,2
2830,15,1,1,0,6.811518748422374,14,0,0,0,1,0,0,1.6884763841942343,4.0,african_american,0.34091452371588193,0.23864016660111734,1
2831,16,0,2,1,6.023180395708907,17,1,2,0,0,0,1,1.8154017176022967,4.0,hispanic,0.30145229842719673,0.3610166088990377,1
2832,15,0,2,2,11.564595723390276,19,0,3,0,0,0,0,1.4948695594196215,4.0,hispanic,0.5788415429393391,0.6301890800575374,0
2833,18,1,1,1,9.962593483679608,28,1,1,0,1,0,0,0.0,4.0,african_american,0.4986493601299632,0.4240545520909742,1
2834,17,1,2,1,11.59072738299962,15,0,0,0,0,0,1,1.5717864335294334,4.0,hispanic,0.5801496277675372,0.40610473943727604,1
2835,18,0,0,2,5.733211625740459,5,0,1,0,0,0,1,2.2346855491679,3.0,caucasian,0.28693719474387147,0.27585603632071004,1
2836,16,1,1,2,7.339156636339905,27,0,2,1,0,0,0,0.5086565007104289,4.0,african_american,0.36732674269797116,0.4071287198885798,1
2837,16,1,0,1,1.677959212578186,20,0,2,0,0,0,0,0.7016799102374711,4.0,caucasian,0.0839415092239779,0.20875905645678453,0
2838,18,1,0,2,1.0455274454441144,16,0,1,1,1,0,0,1.817789572439356,4.0,caucasian,0.05228357353118399,0.11159850147182879,2
2839,18,0,2,2,5.069142593460326,8,0,3,0,0,0,0,2.3375584621180696,3.0,hispanic,0.2536955775259881,0.40258690426819166,0
2840,15,0,1,2,1.4849371866109151,18,1,3,1,1,0,0,1.763324115898465,4.0,african_american,0.07427931449733441,0.27699552014813406,2
2841,16,1,0,3,2.075494172694814,17,0,3,0,0,0,0,1.580149839040757,4.0,caucasian,0.10384110449579737,0.2976887731470581,0
2842,16,1,3,1,16.25856810787874,24,1,2,1,0,0,0,1.513660412883276,4.0,other,0.813809935759467,0.7196669550316269,1
2843,18,1,0,3,0.777473940333786,22,0,2,0,0,1,0,0.5468398683049477,4.0,caucasian,0.03886549261240593,0.17720584482868415,1
2844,17,1,0,2,13.178855878694854,4,1,2,0,0,0,0,3.112170722339197,1.0,caucasian,0.6596473260195526,0.6117531282136868,0
2845,16,1,0,2,5.45115497630801,27,0,2,0,0,0,0,0.3075940597283189,4.0,caucasian,0.2728181518154595,0.34097270627082166,0
2846,17,0,2,2,17.430913614162527,5,0,0,0,0,0,0,2.228511429722963,3.0,hispanic,0.8724945885179046,0.6107462119625332,0
2847,18,1,2,2,9.69984569154999,11,0,3,1,0,0,1,2.5064154144606747,2.0,hispanic,0.48549686979198237,0.5648478088543876,2
2848,18,0,0,1,6.111529186556515,10,0,2,0,0,0,0,1.9775380444250972,4.0,caucasian,0.3058748155816785,0.36411237090717496,0
2849,15,1,1,2,10.352778713788693,15,1,1,1,0,0,0,2.340811012860678,3.0,african_american,0.518181046495194,0.4377267325466358,1
2850,16,0,0,2,7.639160380905377,19,0,1,0,0,0,1,1.261128239702075,4.0,caucasian,0.3823441718446599,0.3426409202912619,1
2851,17,1,2,2,11.286021293396605,16,0,1,1,0,1,0,1.783001895562732,4.0,hispanic,0.5648968111141796,0.4704277677799257,2
2852,15,0,0,1,2.2906573665269647,19,1,4,0,0,0,0,1.501240091930044,4.0,caucasian,0.1146116301205014,0.380228141084351,0
2853,16,1,0,3,19.939810056251023,8,0,1,0,1,0,1,2.2392539847060284,3.0,caucasian,0.9980836027817613,0.7736585219472328,2
2854,15,0,3,2,8.511117553934351,0,1,3,0,1,0,0,3.823801327886915,0.0,other,0.4259921439187283,0.5231945007431098,1
2855,18,0,0,0,6.964612794147373,25,0,2,1,1,0,1,0.895261805081618,4.0,caucasian,0.3485780246757953,0.3940046172730567,3
2856,16,0,0,2,14.204196966325298,2,1,3,0,1,0,0,3.5326403833692965,0.0,caucasian,0.7109733091568016,0.722681316409761,1
2857,15,0,1,2,7.27798812990665,20,0,2,0,0,0,0,1.022641733675116,4.0,african_american,0.36426480187886345,0.40498536131520435,0
2858,15,0,3,2,16.66548610057515,22,1,4,0,0,0,0,1.960538709128941,4.0,other,0.834179221925152,0.8839254553476064,0
2859,17,0,0,2,9.085414487208505,8,0,1,0,1,1,0,2.7454918014149503,2.0,caucasian,0.45473999677335514,0.39331799774134857,2
2860,15,1,0,3,14.391168265308698,21,0,2,0,0,1,1,1.554112898573,4.0,caucasian,0.7203326197847887,0.654232833849352,2
2861,16,0,0,1,2.149064328837731,18,0,1,0,0,0,0,0.7068253462731773,4.0,caucasian,0.10752384055226671,0.1502666883865867,0
2862,16,1,1,2,16.922383711102235,12,0,2,1,1,0,0,2.823600084682192,2.0,african_american,0.8470388669593565,0.7429272068715496,2
2863,17,1,0,3,14.714359735562198,22,0,2,1,0,1,0,1.2934088269809283,4.0,caucasian,0.7365107678688266,0.6655575375081786,2
2864,16,1,1,3,4.234335569239313,13,0,3,1,0,0,0,2.126276926186896,3.0,african_american,0.2119072479984506,0.3733350735989154,1
2865,18,1,3,2,2.905720194915733,19,0,2,0,0,0,0,1.112671201191301,4.0,other,0.1454001206424073,0.2517800844496851,0
2866,16,1,0,3,6.325846974512488,18,1,0,0,0,1,0,1.2615877089185958,4.0,caucasian,0.31660302232511633,0.2216221156275814,1
2867,16,0,0,0,19.521411720638085,29,0,3,1,1,0,0,1.0784851348128086,4.0,caucasian,0.9771396396680324,0.9089977477676227,2
2868,15,0,0,3,5.136631491341173,22,1,2,0,0,0,1,0.6754583905284621,4.0,caucasian,0.257073901165187,0.3299517308156309,1
2869,15,0,0,1,9.122544178932666,26,0,1,0,1,1,0,0.6854728696794552,4.0,caucasian,0.4565986152899793,0.3946190307029855,2
2870,16,1,2,1,0.6004045143467263,26,0,4,1,1,1,0,1.020926365102642,4.0,hispanic,0.030001844718087076,0.3210012913026609,3
2871,17,0,0,1,7.944550591324651,6,1,4,0,0,0,0,3.427620857629511,1.0,caucasian,0.3976312338568574,0.5783418636998001,0
2872,15,0,0,2,11.426400308662055,3,1,3,0,0,0,0,3.2485727923536656,1.0,caucasian,0.5719238297885108,0.6253466808519574,0
2873,17,0,1,1,19.062492250159305,11,0,3,0,0,0,0,2.278951504956563,3.0,african_american,0.9541672909664083,0.8929171036764857,0
2874,16,0,0,1,10.334720898801288,22,0,0,0,1,0,0,0.8330790224853892,4.0,caucasian,0.5172771179208686,0.362093982544608,1
2875,16,0,1,1,16.382146523553757,26,0,4,0,0,0,0,0.8570927943521445,4.0,african_american,0.8199959588844371,0.8739971712191059,0
2876,18,1,0,1,10.94255285137801,13,0,2,0,1,0,0,1.744497662766337,4.0,caucasian,0.5477036490767899,0.5333925543537529,1
2877,15,0,2,2,0.815700268710362,1,0,1,0,0,1,1,2.806877505411242,2.0,hispanic,0.04077900598792984,0.10354530419155089,2
2878,16,1,3,2,6.300165503795481,0,0,3,1,0,1,0,3.490543307137981,1.0,other,0.31531747281494593,0.44572223097046215,2
2879,18,1,1,1,11.510990156622064,27,0,1,0,1,0,0,0.6939648518623458,4.0,african_american,0.5761581837633538,0.47831072863434765,1
2880,15,1,3,2,19.011879318622487,17,0,2,1,0,0,0,2.16155873707839,3.0,other,0.9516337355457541,0.8161436148820279,1
2881,16,1,0,3,17.182607195024666,19,1,1,0,0,0,0,1.8933444720314547,4.0,caucasian,0.8600649968090683,0.6770454977663477,0
2882,16,1,0,2,4.567112283576953,7,1,2,1,0,1,0,2.882958070804152,2.0,caucasian,0.22856520917314105,0.3099956464211987,2
2883,15,0,1,1,4.40219660038327,2,0,2,1,1,0,1,3.270373860776488,1.0,african_american,0.220309946922578,0.3042169628458046,3
2884,15,0,1,2,4.023459342278015,25,0,2,1,1,1,0,1.027015599936749,4.0,african_american,0.20135131709932397,0.29094592196952673,3
2885,15,0,0,1,18.449977926050064,5,0,0,1,1,0,1,2.48966890236666,3.0,caucasian,0.9235063721269934,0.6464544604888953,3
2886,16,1,0,1,17.053323062034412,21,1,2,0,0,0,0,1.7087987708583718,4.0,caucasian,0.8535933598973879,0.7475153519281715,0
2887,16,0,0,1,15.497668645058976,12,0,2,0,0,1,0,2.324093256836654,3.0,caucasian,0.7757212319427866,0.6930048623599506,1
2888,18,0,0,3,7.854702284484551,8,0,1,0,0,0,0,2.1974911457392072,3.0,caucasian,0.39313365472205203,0.3501935583054364,0
2889,17,1,0,1,10.087614085975336,8,0,4,0,0,0,1,2.500113299959695,2.0,caucasian,0.5049075754718143,0.65343530283027,1
2890,15,1,2,0,9.286634895903056,19,0,2,0,0,0,0,1.0500058515104695,4.0,hispanic,0.46481258181663515,0.47536880727164454,0
2891,16,1,0,1,5.067962151187453,8,0,3,0,0,1,1,2.438440919001191,3.0,caucasian,0.2536364875695601,0.402545541298692,2
2892,16,1,0,3,10.10056092297534,14,1,1,0,0,0,0,1.9146018444641888,4.0,caucasian,0.5055556614068847,0.42888896298481927,0
2893,15,0,1,2,0.6099309570550893,12,0,2,1,1,0,0,1.6278371303258028,4.0,african_american,0.030478714360497854,0.17133510005234848,2
2894,17,1,1,1,2.6362074699491838,21,0,1,1,1,0,0,1.069524152365119,4.0,african_american,0.1319089948660326,0.16733629640622283,2
2895,15,1,2,2,17.73179192337893,15,0,2,0,1,0,0,2.369652312774279,3.0,hispanic,0.8875557961604202,0.7712890573122941,1
2896,17,0,1,2,15.033595340628466,1,0,1,0,0,0,0,2.9747406949660418,2.0,african_american,0.752490895340658,0.6017436267384606,0
2897,16,0,0,2,8.457368181181742,25,0,2,1,0,0,0,0.3578088919508027,4.0,caucasian,0.4233015861786561,0.4463111103250592,1
2898,17,1,2,1,10.343007245677544,13,0,2,0,0,1,1,1.9225514899197131,4.0,hispanic,0.5176919115004597,0.5123843380503218,2
2899,18,0,1,3,7.399977719199549,26,0,1,0,0,0,0,0.33096690773874,4.0,african_american,0.3703712923711512,0.3342599046598058,0
2900,16,1,0,1,14.81559734321345,5,1,3,0,0,0,1,3.219685483262613,1.0,caucasian,0.741578466614004,0.7441049266298028,1
2901,18,1,1,2,15.683743584641592,1,1,4,0,1,0,0,3.9514599508156745,0.0,african_american,0.7850356730848587,0.8495249711594011,1
2902,15,0,3,0,15.265703804063184,7,0,1,0,0,0,0,2.7952105534902603,2.0,other,0.7641096583298546,0.6098767608308981,0
2903,15,0,0,1,14.452234496688993,3,1,3,1,0,0,0,3.5617432680571097,0.0,caucasian,0.7233894409732614,0.731372608681283,1
2904,15,1,0,1,4.090086773855917,20,1,3,0,0,0,0,1.36108822691039,4.0,caucasian,0.20468651791288792,0.3682805625390215,0
2905,17,1,0,2,6.759399584809575,23,0,2,0,0,1,0,0.7389589820946485,4.0,caucasian,0.3383055701247407,0.38681389908731845,1
2906,16,1,0,0,9.3969086996735,13,0,3,1,0,0,1,2.3207725437642064,3.0,caucasian,0.4703326096991441,0.5542328267894008,2
2907,15,0,0,2,6.615859828553113,10,0,4,1,0,0,0,2.837891417954615,2.0,caucasian,0.3311203327456654,0.5317842329219657,1
2908,15,1,1,1,15.09880400316658,23,0,2,0,0,0,1,0.8273394905182188,4.0,african_american,0.7557550761622502,0.6790285533135751,1
2909,16,1,0,2,6.587070484999094,27,1,3,1,0,0,1,0.8758837048232606,4.0,caucasian,0.3296792109769076,0.45577544768383527,2
2910,15,1,3,3,2.764641735706743,13,0,3,1,0,0,0,1.4679683162543722,4.0,other,0.13833808957221624,0.32183666270055133,1
2911,18,1,2,2,7.980809040966081,11,0,2,1,0,1,0,2.122102757166825,3.0,hispanic,0.39944624019702035,0.42961236813791426,2
2912,16,1,1,2,19.598288655647607,15,0,2,1,0,0,0,2.4818134094533937,3.0,african_american,0.9809879047161646,0.8366915333013152,1
2913,16,0,2,2,4.517628258671518,5,0,4,1,0,0,0,2.876083672610056,2.0,hispanic,0.22608816396496642,0.4582617147754765,1
2914,16,1,0,1,12.24317317886458,19,0,3,0,1,0,0,1.6626921985519796,4.0,caucasian,0.61280941515002,0.6539665906050139,1
2915,18,1,0,3,8.659460996794126,0,0,1,1,0,0,0,2.9640587263043403,2.0,caucasian,0.43341784170709824,0.37839248919496876,1
2916,16,1,1,1,1.4204913529865326,11,0,1,1,0,1,0,2.03217846252961,3.0,african_american,0.07105331896299452,0.12473732327409616,2
2917,18,1,2,2,9.75753211996119,6,1,4,0,1,0,0,3.207819245384204,1.0,hispanic,0.4883845065868013,0.6418691546107609,1
2918,16,0,2,2,14.043286572966249,7,1,0,0,0,0,0,2.553484846074773,2.0,hispanic,0.7029185415913655,0.4920429791139558,0
2919,17,0,0,1,10.264399516556376,8,1,3,1,1,0,0,3.128858646003016,1.0,caucasian,0.5137570072739506,0.5846299050917654,2
2920,15,0,3,1,17.442121274931623,1,1,1,1,1,0,0,4.0,0.0,other,0.8730556156868947,0.6861389309808262,2
2921,17,1,0,2,5.778740333151653,16,1,0,0,0,0,1,1.357062701404827,4.0,caucasian,0.2892162467559663,0.2024513727291764,1
2922,15,1,2,3,1.7249834260792984,19,0,0,0,1,0,0,0.6848879979871082,4.0,hispanic,0.08629542249080917,0.060406795743566416,1
2923,18,0,3,3,18.73131223316012,12,0,2,1,0,0,0,2.2346962873244927,3.0,other,0.9375892564245794,0.8063124794972055,1
2924,17,0,0,2,7.56392699056438,4,0,0,0,0,0,1,1.953200561311372,4.0,caucasian,0.3785781784883186,0.265004724941823,1
2925,16,0,2,2,11.528111029072669,9,0,2,0,1,0,0,2.4709240029839887,3.0,hispanic,0.5770152113625554,0.5539106479537887,1
2926,15,1,0,3,15.84006252260392,11,0,3,0,1,0,0,2.512488758731327,2.0,caucasian,0.7928606039987547,0.7800024227991282,1
2927,15,1,0,0,6.486273277511612,16,1,2,0,0,1,0,2.0972515782565893,3.0,caucasian,0.3246335575507484,0.37724349028552384,1
2928,17,0,1,1,14.323290763552222,20,0,3,1,0,0,1,1.3451314633822888,4.0,african_american,0.7169348436178327,0.7268543905324828,2
2929,18,0,1,2,2.7083769963565607,5,0,2,0,0,0,1,2.241727972459657,3.0,african_american,0.13552161893825096,0.24486513325677567,1
2930,17,0,3,3,5.825874944110105,2,0,2,0,0,0,0,2.637348954652655,2.0,other,0.2915756862404652,0.35410298036832566,0
2931,18,1,1,3,2.894212722730398,27,0,2,0,0,1,0,0.2861100389415956,4.0,african_american,0.14482408567174032,0.2513768599702182,1
2932,18,1,0,2,16.224611168027156,14,1,2,0,1,0,0,2.0845477071034386,3.0,caucasian,0.8121101371819588,0.7184770960273711,1
2933,15,1,2,0,4.452984704535707,6,0,4,1,0,0,0,2.7778858935835875,2.0,hispanic,0.22285227104159383,0.45599658972911566,1
2934,17,0,3,2,14.348071108104206,29,0,3,0,0,0,0,0.4841831958032389,4.0,other,0.7181752850299189,0.7277226995209432,0
2935,17,0,0,1,18.86596794491305,5,0,2,0,0,0,0,2.875735286006944,2.0,caucasian,0.9443297809916159,0.8110308466941312,0
2936,18,1,3,1,10.55544418137754,3,1,3,0,0,0,0,3.4713372144944583,1.0,other,0.5283259675341108,0.5948281772738775,0
2937,17,0,0,2,10.800583845213756,18,0,2,0,0,0,0,1.3180744589421032,4.0,caucasian,0.5405970394770147,0.5284179276339103,0
2938,16,1,2,0,9.22067136195624,4,0,1,1,0,0,0,2.715908932047662,2.0,hispanic,0.4615106140403786,0.398057429828265,1
2939,16,0,0,3,6.517802867872855,2,1,2,0,1,0,0,3.4745618447603603,1.0,caucasian,0.32621184914827467,0.37834829440379225,1
2940,17,0,0,2,9.513100618498342,25,0,3,1,0,0,0,0.9349429908719434,4.0,caucasian,0.4761488834623173,0.5583042184236221,1
2941,17,0,0,2,12.056150645335189,24,0,2,0,0,0,1,0.5185224297099189,4.0,caucasian,0.6034475398501637,0.5724132778951146,1
2942,18,0,1,0,19.719831443413188,8,0,3,0,1,0,0,2.726094628858152,2.0,african_american,0.9870720294533554,0.9159504206173487,1
2943,16,1,0,1,18.755291186364484,5,1,2,1,0,0,0,3.099064650031246,1.0,caucasian,0.9387895822114453,0.8071527075480117,1
2944,16,0,0,0,17.243059165862434,12,0,2,1,0,0,0,2.0735452919667288,3.0,caucasian,0.8630910696674214,0.7541637487671949,1
2945,15,1,1,4,17.782610714097167,26,0,4,1,1,1,0,1.983133992222757,4.0,african_american,0.8900996563713551,0.9230697594599486,3
2946,18,1,3,3,9.35698366584086,21,0,2,0,0,0,0,0.7662736791529805,4.0,other,0.4683340634222326,0.47783384439556276,0
2947,15,1,0,2,13.148886543549295,27,0,3,0,0,0,0,0.6361329335031771,4.0,caucasian,0.658147136854335,0.6857029957980345,0
2948,16,0,0,1,17.901334458724282,29,0,3,1,1,1,0,1.1480334125866043,4.0,caucasian,0.8960426669346054,0.8522298668542237,3
2949,18,1,0,3,7.859015299827061,19,0,4,0,1,1,0,1.7504046795082222,4.0,caucasian,0.39334955336827904,0.5753446873577953,2
2950,17,1,0,1,19.23524956690937,3,0,0,1,0,0,0,2.8211081074612654,2.0,caucasian,0.9628150855718519,0.6739705599002963,1
2951,18,1,2,1,8.31572124138366,1,0,1,1,0,1,1,3.240512073968693,1.0,hispanic,0.4162110984070984,0.3663477688849689,3
2952,17,0,2,2,12.021653307864312,25,0,3,1,0,0,0,0.7058616313604631,4.0,hispanic,0.6017206903337731,0.6462044832336411,1
2953,17,0,1,3,14.19609426544744,3,0,2,1,0,0,0,2.9127221778502177,2.0,african_american,0.7105677084316963,0.6473973959021874,1
2954,18,1,0,0,19.011840261518767,7,0,2,0,0,0,0,2.894723042268489,2.0,caucasian,0.9516317804458648,0.8161422463121054,0
2955,17,0,2,1,4.8923254810453205,12,0,1,1,1,0,0,1.777279849146076,4.0,hispanic,0.24484455981132439,0.24639119186792707,2
2956,15,1,1,3,14.922619564772845,9,0,1,0,0,0,1,2.4571875145361584,3.0,african_american,0.7469357285099091,0.5978550099569363,1
2957,16,1,2,1,10.416311722881645,17,1,2,0,0,0,0,1.9390765371477845,4.0,hispanic,0.5213613483407968,0.5149529438385577,0
2958,17,0,1,1,5.371142812412821,8,0,1,0,0,0,0,2.291686152272234,3.0,african_american,0.2688129451340908,0.26316906159386355,0
2959,15,1,2,2,15.532136795927812,29,0,1,0,1,0,0,0.5847407288696445,4.0,hispanic,0.7774466204516529,0.6192126343161569,1
2960,17,0,1,3,11.04444560347693,0,0,0,1,0,1,1,2.905466160345195,2.0,african_american,0.5528041426970377,0.38696289988792637,3
2961,16,0,0,2,13.219476412993515,12,0,1,1,0,0,0,1.7389421343230629,4.0,caucasian,0.6616806872918071,0.5381764811042649,1
2962,15,1,3,4,6.45802137155802,17,1,3,0,1,0,0,1.6698070522329402,4.0,other,0.32321933854981066,0.4512535369848674,1
2963,16,0,1,2,9.6254790365521,14,0,3,0,0,0,0,1.6482889223547217,4.0,african_american,0.48177426301610815,0.5622419841112757,0
2964,16,0,1,0,12.34708501976134,1,0,0,1,0,0,1,2.7103913101189026,2.0,african_american,0.6180109792519258,0.43260768547634804,2
2965,15,1,0,4,8.09821628539688,10,0,1,1,0,0,0,1.956169125963332,4.0,caucasian,0.4053233500881028,0.35872634506167195,1
2966,15,1,1,2,3.967450796954026,28,0,2,1,1,0,0,0.6729361977994386,4.0,african_american,0.19854767089073955,0.28898336962351767,2
2967,15,0,1,1,19.23280984630608,13,0,2,1,1,0,0,2.607172929225517,2.0,african_american,0.9626929593252255,0.8238850715276578,2
2968,18,0,0,2,10.229350800852348,21,0,3,1,0,1,0,1.5660204997024247,4.0,caucasian,0.5120025571569028,0.5834017900098318,2
2969,15,1,0,1,14.67840740575401,14,1,3,0,0,0,0,2.197394591639808,3.0,caucasian,0.7347110851137502,0.7392977595796251,0
2970,15,0,1,0,8.220943871121163,13,1,3,1,0,0,0,2.332971816562523,3.0,african_american,0.41146678281634447,0.5130267479714411,1
2971,15,0,2,0,7.102635280514327,15,0,2,1,0,0,0,1.773293697386631,4.0,hispanic,0.355487081469962,0.3988409570289734,1
2972,15,0,1,2,8.1432859693425,22,0,2,1,1,0,1,1.1496496267546503,4.0,african_american,0.4075794245457644,0.4353055971820351,3
2973,17,0,0,3,8.183932875712996,28,1,3,0,0,0,0,0.8409854510198023,4.0,caucasian,0.4096141059372755,0.5117298741560927,0
2974,18,0,1,2,10.883602318839072,14,0,0,1,1,0,0,1.5635740338353443,4.0,african_american,0.5447527344245567,0.3813269140971897,2
2975,16,0,0,4,10.869397399627264,18,0,0,0,0,0,0,0.8707134779286393,4.0,caucasian,0.5440416720739626,0.3808291704517738,0
2976,15,0,0,1,9.943076317657432,26,1,0,0,1,1,0,0.61316598823277,4.0,caucasian,0.49767238013157444,0.3483706660921021,2
2977,17,1,0,1,2.695715698348762,8,0,2,1,1,0,0,2.5723917087049197,2.0,caucasian,0.13488782636338617,0.2444214784543703,2
2978,17,1,0,1,9.921509570010622,4,0,1,0,0,0,0,2.30759662333527,3.0,caucasian,0.4965928032576938,0.42261496228038564,0
2979,17,1,0,1,3.3820780084130297,4,0,1,0,0,1,0,2.3180465210933434,3.0,caucasian,0.16924538871740638,0.19347177210218447,1
2980,16,1,0,1,2.5227157259153032,10,0,3,1,0,0,0,2.31055728577378,3.0,caucasian,0.12622788502778198,0.31335951951944735,1
2981,15,1,0,2,18.652914346823355,27,1,4,1,1,1,1,1.5858200366928563,4.0,caucasian,0.933664856397447,0.953565399478213,4
2982,18,0,0,3,12.099000262954084,19,0,1,1,0,1,0,1.6306137401298542,4.0,caucasian,0.6055924833990735,0.4989147383793514,2
2983,18,0,1,4,13.189801162491683,24,1,2,0,1,1,0,1.558632200330993,4.0,african_american,0.6601952192605097,0.6121366534823568,2
2984,17,0,0,1,8.035873406667275,23,0,1,1,0,0,0,0.6835053013860497,4.0,caucasian,0.4022026231602489,0.3565418362121742,1
2985,16,0,0,3,18.179617838297283,27,0,4,0,0,0,0,0.9709123787681464,4.0,caucasian,0.9099728295113816,0.936980980657967,0
2986,16,1,2,1,12.75860979159331,3,0,1,1,0,0,1,3.3446266750887066,1.0,hispanic,0.6386108691367841,0.5220276083957488,2
2987,16,0,0,1,15.38339739047175,19,0,3,0,1,0,0,1.8859166518517383,4.0,caucasian,0.77000110177657,0.7640007712435989,1
2988,18,0,1,3,7.371249380554277,17,0,1,1,0,0,0,1.4699645571762952,4.0,african_american,0.36893322435392584,0.3332532570477481,1
2989,17,1,0,2,19.20023761638251,24,0,3,0,0,0,0,1.436375445405192,4.0,caucasian,0.9610624758266433,0.8977437330786502,0
2990,15,0,0,1,16.4092258031663,2,1,1,1,1,0,0,3.399542858486649,1.0,caucasian,0.8213514791747379,0.6499460354223164,2
2991,18,0,1,2,17.078969260290872,3,1,1,0,1,0,0,3.5635357914562173,0.0,african_american,0.85487714375734,0.6734140006301379,1
2992,17,1,1,1,3.443885348515085,13,0,1,1,1,1,0,2.0744387503601613,3.0,african_american,0.1723393079352225,0.19563751555465575,3
2993,17,0,2,2,5.41926415742439,6,0,1,0,0,0,0,2.5040052870066454,2.0,hispanic,0.27122177803116454,0.26485524462181514,0
2994,15,0,1,2,5.712531993671542,25,1,3,1,0,0,0,0.9669488067667787,4.0,african_american,0.28590202463349706,0.42513141724344794,1
2995,15,0,3,4,5.418184464937424,7,0,3,0,0,0,0,2.6910442047353333,2.0,other,0.2711677313543582,0.41481741194805066,0
2996,15,0,0,0,17.10816324208576,23,0,2,0,1,0,0,0.8647850838512876,4.0,caucasian,0.8563385206936494,0.7494369644855545,1
2997,16,0,0,1,0.6376959041718422,15,1,4,1,0,0,0,1.993952452575168,4.0,caucasian,0.03186855743292791,0.3223079902030495,1
2998,15,1,0,2,1.521999779615486,19,0,2,1,0,0,0,1.2001797196357924,4.0,caucasian,0.07613457422165841,0.20329420195516087,1
2999,17,1,0,2,5.478297412598074,14,0,4,0,1,0,0,2.195712898261988,3.0,caucasian,0.2741768335693987,0.49192378349857907,1
3000,15,1,1,1,3.997459492988873,6,0,1,0,0,1,0,1.9012665239921251,4.0,african_american,0.20004983036258403,0.21503488125380882,1
3001,17,1,1,2,4.637192277656967,25,0,4,1,0,1,0,0.8399765237396326,4.0,african_american,0.2320732365386705,0.46245126557706934,2
3002,18,1,0,3,15.958863785066,16,0,0,1,0,0,1,1.3620437691526197,4.0,caucasian,0.7988074949088849,0.5591652464362195,2
3003,16,1,3,3,11.26253187784094,21,0,2,0,0,0,0,0.8507438645015205,4.0,other,0.5637209903446246,0.5446046932412372,0
3004,18,0,2,3,0.1154132258593598,21,1,2,1,0,0,0,1.0033653059742336,4.0,hispanic,0.005724406707539783,0.15400708469527785,1
3005,18,1,0,3,8.586455314083905,21,0,2,1,1,0,0,1.3905396980299167,4.0,caucasian,0.42976336176387503,0.45083435323471255,2
3006,17,1,0,2,8.157698537007178,11,0,2,0,1,0,1,2.4399813258092324,3.0,caucasian,0.40830088125304537,0.43581061687713174,2
3007,18,0,0,3,2.2789053888908706,17,0,2,0,0,1,0,1.2433117162791911,4.0,caucasian,0.11402335582499508,0.22981634907749654,1
3008,17,0,0,1,13.522835772029143,23,1,4,1,0,0,0,1.9648466563741724,4.0,caucasian,0.6768660900170329,0.773806263011923,1
3009,15,1,0,1,14.04194376758982,13,1,4,1,0,0,0,2.6882293307172063,2.0,caucasian,0.7028513241483715,0.79199592690386,1
3010,15,0,1,1,14.417864381041952,14,1,4,1,1,0,0,2.7397016672595758,2.0,african_american,0.7216689598597988,0.8051682719018591,2
3011,17,1,0,2,14.56941891117184,14,0,4,0,0,1,0,2.496121936033516,3.0,caucasian,0.7292553965603867,0.8104787775922706,1
3012,15,0,0,1,0.001056538645936,4,1,3,0,1,0,0,2.968807133269986,2.0,caucasian,0.0,0.22499999999999998,1
3013,16,1,3,4,19.078416076934445,15,0,4,0,1,0,0,2.215944169222752,3.0,other,0.9549643974848158,0.968475078239371,1
3014,18,0,1,1,16.28417534109326,4,0,3,1,0,0,0,3.5037432645192648,0.0,african_american,0.8150917691279097,0.7955642383895367,1
3015,16,0,3,0,18.079633931785708,1,0,2,0,0,1,0,3.3847294719580105,1.0,other,0.9049678878763312,0.7834775215134319,1
3016,18,1,0,2,0.3128659061486827,19,0,3,0,0,0,0,1.417604009607429,4.0,caucasian,0.015608388790375318,0.2359258721532627,0
3017,15,1,0,0,18.677175915714788,27,1,4,0,0,0,0,1.139337063496313,4.0,caucasian,0.9348793292112524,0.9544155304478765,0
3018,16,1,1,1,16.195770573762093,24,0,3,0,0,0,0,0.7695898642280781,4.0,african_american,0.8106664499321503,0.7924665149525052,0
3019,15,1,0,1,16.74438285917397,8,0,2,0,0,0,0,2.34844345354412,3.0,caucasian,0.8381285942367454,0.7366900159657217,0
3020,18,1,0,2,1.8657476944393705,21,0,0,0,0,0,1,0.3218314296846537,4.0,caucasian,0.09334172596126977,0.06533920817288884,1
3021,17,0,1,2,14.775560578371952,26,0,3,1,0,1,0,1.1241371864897378,4.0,african_american,0.7395743273652067,0.7427020291556446,2
3022,17,1,1,2,19.19833379284182,8,0,4,0,0,0,0,2.7170969538329475,2.0,african_american,0.9609671752324073,0.9726770226626851,0
3023,16,1,0,2,13.570946828363212,3,0,2,0,0,0,0,2.6565407804958623,2.0,caucasian,0.6792744078889171,0.625492085522242,0
3024,15,0,0,2,11.411228092492127,14,0,1,0,0,0,0,1.5277480662258427,4.0,caucasian,0.571164346997187,0.4748150428980309,0
3025,15,0,0,1,18.91259355497994,10,0,2,0,1,1,0,2.735672949043832,2.0,caucasian,0.9466637411780623,0.8126646188246436,2
3026,16,1,0,1,8.85874243468872,0,1,2,0,1,1,0,3.748102280530043,0.0,caucasian,0.4433933667731836,0.46037535674122854,2
3027,17,0,0,2,11.985871326209574,17,1,2,0,0,0,0,1.7062124885863237,4.0,caucasian,0.5999295347766768,0.5699506743436737,0
3028,18,0,0,0,9.526765869887324,28,1,3,0,0,0,0,0.9590415228646012,4.0,caucasian,0.4768329314057954,0.5587830519840568,0
3029,16,1,0,0,18.656924427205983,0,1,4,1,0,0,1,4.0,0.0,caucasian,0.9338655908852976,0.9537059136197084,2
3030,18,0,3,2,1.5216945353101452,7,0,3,0,0,0,0,1.8589248556209292,4.0,other,0.07611929446328564,0.2782835061242999,0
3031,17,0,1,2,10.022394016506963,24,1,2,0,0,0,0,1.0007755569217258,4.0,african_american,0.5016428236481262,0.5011499765536883,0
3032,15,1,2,1,13.739048827708766,15,0,4,1,1,0,0,2.413651872584266,3.0,hispanic,0.6876891690721317,0.7813824183504922,2
3033,17,1,0,1,15.83813076844474,25,1,2,0,0,0,0,1.1721916329362534,4.0,caucasian,0.792763905268356,0.7049347336878492,0
3034,16,0,0,3,11.660372948882728,27,0,1,1,0,0,0,0.2759351000710758,4.0,caucasian,0.5836359087556146,0.4835451361289302,1
3035,15,0,0,3,18.17835488242908,21,1,2,0,1,0,0,1.907640379807341,4.0,caucasian,0.9099096091329373,0.7869367263930561,1
3036,16,1,0,2,18.839828937677435,17,0,3,0,0,1,0,2.018579782190191,3.0,caucasian,0.943021328359819,0.8851149298518732,1
3037,16,0,0,2,1.2863844638716704,21,0,3,0,0,0,0,0.9157121795938512,4.0,caucasian,0.06434026706998465,0.27003818694898923,0
3038,17,0,2,2,8.047410790827488,8,0,4,1,1,0,0,3.12911663958354,1.0,hispanic,0.40278015544877116,0.5819461088141398,2
3039,16,0,1,4,0.4691804344230887,11,0,2,0,0,0,0,1.945989188418632,4.0,african_american,0.02343309896644003,0.166403169276508,0
3040,17,1,1,4,6.588333147488859,18,1,1,0,0,0,0,1.510058697488437,4.0,african_american,0.3297424166695688,0.30581969166869816,0
3041,15,0,0,1,10.737364359412044,24,0,0,0,1,0,0,0.1530318116508149,4.0,caucasian,0.5374324318148923,0.37620270227042457,1
3042,17,0,3,3,18.215898610198977,17,0,3,0,1,0,0,1.7119846768416216,4.0,other,0.9117889532474703,0.8632522672732291,1
3043,15,1,0,1,16.931086449308058,26,1,3,1,1,0,0,1.419977098603833,4.0,caucasian,0.8474745040364118,0.8182321528254882,2
3044,17,0,0,1,2.5499945334397145,4,0,2,0,1,0,0,2.438731252650425,3.0,caucasian,0.12759339318101304,0.23931537522670912,1
3045,18,0,0,2,1.860607494817914,26,0,2,1,0,0,0,0.3167559737315224,4.0,caucasian,0.09308442056087597,0.21515909439261316,1
3046,18,1,2,2,11.78534677513334,1,0,4,0,1,0,0,3.5433159148930136,0.0,hispanic,0.5898917826068809,0.7129242478248166,1
3047,16,1,3,3,10.642359449175654,6,0,4,1,1,0,0,3.1252696624964185,1.0,other,0.532676726148188,0.6728737083037315,2
3048,17,1,0,0,5.327552828600477,26,1,1,0,1,0,0,0.6550115881417289,4.0,caucasian,0.2666309407249281,0.26164165850744964,1
3049,17,1,2,2,17.989061691076703,9,1,3,1,1,0,0,3.5116138627312408,0.0,hispanic,0.9004340704419043,0.8553038493093329,2
3050,15,0,2,3,18.54732818923107,14,1,3,0,0,1,0,2.8625628192347974,2.0,hispanic,0.9283794802338597,0.8748656361637017,1
3051,16,0,0,3,8.052228766803253,24,0,1,1,1,1,0,1.1162284613450342,4.0,caucasian,0.40302133114793215,0.35711493180355247,3
3052,17,1,0,1,17.806051142270405,6,0,2,1,0,0,0,3.2011819553323124,1.0,caucasian,0.891273024956369,0.7738911174694583,1
3053,16,1,0,1,7.678977885259453,27,0,1,0,0,0,0,0.1005921480894177,4.0,caucasian,0.384337335467672,0.3440361348273704,0
3054,18,0,3,2,14.736336636594004,4,1,1,1,0,0,0,3.017133682391308,1.0,other,0.7376108759844335,0.5913276131891034,1
3055,17,1,0,1,9.518844350954485,14,0,3,1,1,0,0,2.220548508939325,3.0,caucasian,0.4764364001908922,0.5585054801336244,2
3056,17,0,2,4,2.45166313014366,19,0,2,1,0,0,1,1.1110684623439582,4.0,hispanic,0.12267117167997207,0.23586982017598046,2
3057,16,1,0,3,18.55868402474043,27,0,2,0,1,0,0,0.9918923912020086,4.0,caucasian,0.9289479246558128,0.8002635472590689,1
3058,17,0,2,1,9.081931867550733,19,0,2,0,0,0,0,1.175347658120809,4.0,hispanic,0.4545656656361514,0.468195965945306,0
3059,16,1,0,1,14.689740806448071,14,1,0,1,0,0,0,2.2925396421337085,3.0,caucasian,0.7352784065055569,0.5146948845538898,1
3060,17,1,1,0,7.343476288625843,9,0,3,0,0,0,1,2.2942213571902887,3.0,african_american,0.3675429735728103,0.4822800815009672,1
3061,15,0,2,3,0.3776175715246932,23,0,2,0,0,0,1,0.3699206268971446,4.0,hispanic,0.018849693489164245,0.16319478544241497,1
3062,16,1,2,1,2.010607173836718,25,0,2,1,1,0,0,0.6657412071192984,4.0,hispanic,0.10059302534497173,0.2204151177414802,2
3063,17,0,2,2,9.924389589798489,28,1,4,0,0,0,0,0.7289188138326557,4.0,hispanic,0.4967369697685751,0.6477158788380026,0
3064,18,0,0,2,13.799287142527248,25,0,2,0,0,1,0,1.010198033751084,4.0,caucasian,0.6907045468502083,0.6334931827951458,1
3065,17,0,1,2,6.694706531585581,13,0,3,0,0,0,0,1.8298105464885008,4.0,african_american,0.33506719940213037,0.45954703958149123,0
3066,18,0,0,0,13.909769183553006,25,0,2,1,0,0,0,0.940947219838506,4.0,caucasian,0.6962349985633662,0.6373644989943563,1
3067,18,0,0,1,13.97271178863912,25,0,3,1,0,0,0,1.1528666911541523,4.0,caucasian,0.699385746276725,0.7145700223937075,1
3068,15,1,1,3,14.078718146556618,9,1,3,1,0,0,0,3.030196982539537,1.0,african_american,0.7046921566064704,0.7182845096245293,1
3069,16,1,0,3,9.850437080410169,16,0,1,1,0,0,0,1.7570919535414902,4.0,caucasian,0.4930350940750984,0.42012456585256885,1
3070,17,0,1,2,18.29772300243008,20,1,3,0,0,1,0,1.966123442653016,4.0,african_american,0.9158848754986451,0.8661194128490515,1
3071,15,1,3,0,9.783930359612311,13,0,0,0,0,0,1,1.301643735879369,4.0,other,0.48970593573806814,0.3427941550166477,1
3072,17,0,0,1,9.005303869932764,1,1,4,0,1,1,0,3.772896608478868,0.0,caucasian,0.45072986176461227,0.6155109032352286,2
3073,18,1,1,2,3.98761638021254,15,1,2,0,1,1,0,1.922165909079572,4.0,african_american,0.1995571090170037,0.2896899763119026,2
3074,16,1,0,1,6.15310174712673,12,0,3,0,0,0,0,1.789036775909554,4.0,caucasian,0.3079558328826922,0.4405690830178845,0
3075,17,1,0,3,0.8466898503660669,26,0,2,1,0,0,1,0.6329881184701,4.0,caucasian,0.042330266114613053,0.17963118628022912,2
3076,17,1,0,2,12.670705872323405,8,0,3,1,0,1,0,2.8504352924310816,2.0,caucasian,0.6342106211289997,0.6689474347902997,2
3077,18,0,3,0,4.970714878541857,6,0,4,0,0,0,0,2.684821286526617,2.0,other,0.2487685349085717,0.47413797443600014,0
3078,17,0,2,3,6.083105089709302,15,0,3,1,0,0,0,1.899340250146643,4.0,hispanic,0.3044519771398454,0.43811638399789177,1
3079,17,1,3,4,15.416290433286424,9,0,1,1,0,0,0,2.454306701864281,3.0,other,0.7716476443575762,0.6151533510503032,1
3080,18,1,3,0,6.544423663229077,23,1,2,1,0,0,0,1.2083322825671698,4.0,other,0.3275444188755946,0.3792810932129162,1
3081,15,0,0,2,4.843917840262844,21,0,2,0,1,0,0,1.5269160461968396,4.0,caucasian,0.2424213956716163,0.3196949769701314,1
3082,18,1,0,1,3.381154982674115,8,1,2,0,1,0,0,2.6867167544354524,2.0,caucasian,0.16919918438200784,0.2684394290674055,1
3083,15,0,1,1,15.497168043639116,21,0,2,0,0,1,0,1.1307853592581485,4.0,african_american,0.7756961731010565,0.6929873211707396,1
3084,16,0,0,1,2.5941251598005377,22,0,2,0,0,0,0,0.7411030550092116,4.0,caucasian,0.12980246078959426,0.24086172255271598,0
3085,15,0,0,2,9.07507520500707,6,1,2,0,0,1,0,2.8934002946535644,2.0,caucasian,0.4542224384404998,0.46795570690834987,1
3086,15,1,0,4,10.138602321543887,15,0,1,1,0,0,0,1.3763806884640657,4.0,caucasian,0.5074599176636575,0.43022194236456024,1
3087,16,0,1,2,13.747798253714292,8,0,2,0,0,0,0,1.935602560783459,4.0,african_american,0.6881271432224294,0.6316890002557005,0
3088,15,1,1,0,12.665669646659907,26,1,1,0,1,1,0,1.0583113523259429,4.0,african_american,0.633958520402131,0.5187709642814916,2
3089,18,0,0,2,16.214413458903497,23,1,1,0,1,0,0,1.230428755834961,4.0,caucasian,0.8115996656395288,0.6431197659476701,1
3090,15,1,0,1,0.895028678524763,28,0,3,1,0,0,0,0.1470688699977313,4.0,caucasian,0.04474998566830935,0.2563249899678165,1
3091,16,1,1,3,5.928814495587944,16,0,0,0,1,0,1,1.1696905137872946,4.0,african_american,0.296728579991673,0.2077100059941711,2
3092,18,1,1,2,5.6026823755075945,19,0,2,0,0,0,0,1.016215042238629,4.0,african_american,0.28040323041025406,0.3462822612871778,0
3093,16,0,0,1,2.9203381118421645,6,0,2,1,0,1,0,2.5210277348652257,2.0,caucasian,0.14613185661467934,0.25229229963027555,2
3094,16,0,2,1,5.783565077128863,10,0,2,0,0,0,0,2.027841922241568,3.0,hispanic,0.28945776124417244,0.3526204328709207,0
3095,17,1,0,2,6.195306282858068,7,0,3,1,0,0,0,2.670947554324345,2.0,caucasian,0.31006848526285585,0.442047939683999,1
3096,17,1,0,1,10.437689238549568,6,0,2,0,1,0,0,2.8728793655039597,2.0,caucasian,0.5224314527401278,0.5157020169180895,1
3097,16,1,2,2,13.27408957852512,27,1,1,0,1,0,0,1.0296486453677298,4.0,hispanic,0.6644144843150248,0.5400901390205173,1
3098,16,0,1,1,7.622010272236281,18,1,3,0,0,0,0,1.757497312769606,4.0,african_american,0.3814856807542597,0.49203997652798176,0
3099,16,0,0,1,14.389404626267623,19,0,4,1,1,0,0,1.895283343248585,4.0,caucasian,0.7202443364722653,0.8041710355305856,2
3100,17,0,1,2,6.7233067715916,11,0,0,1,1,0,1,2.035367286041147,3.0,african_american,0.33649885512526406,0.23554919858768483,3
3101,17,0,1,3,5.805673546295207,6,0,2,0,0,0,0,2.053147894166025,3.0,african_american,0.2905644553280354,0.35339511872962476,0
3102,15,1,2,3,10.823761117140489,7,0,2,0,0,0,0,2.329719254270638,3.0,hispanic,0.5417572351254969,0.5292300645878478,0
3103,15,1,2,1,0.4743272061158121,6,0,1,0,1,0,0,1.7562115530004156,4.0,hispanic,0.02369073334810952,0.09158351334367666,1
3104,16,0,1,1,1.5957824726800074,5,0,2,1,1,1,0,2.827342954327372,2.0,african_american,0.07982794933920305,0.20587956453744213,3
3105,18,0,0,1,8.359390871730541,24,0,3,0,0,0,0,0.6937125121602848,4.0,caucasian,0.4183970897204611,0.5178779628043226,0
3106,18,1,0,2,18.85825422783513,8,1,1,0,0,1,0,2.953961921722677,2.0,caucasian,0.9439436518123183,0.7357605562686227,1
3107,17,0,0,2,14.430235596868473,26,1,4,0,0,0,0,0.9894684413187074,4.0,caucasian,0.7222882316538968,0.8056017621577276,0
3108,17,0,0,3,1.762531390011155,12,1,2,0,1,0,0,2.1370681063433614,3.0,caucasian,0.08817497865690235,0.21172248505983163,1
3109,17,0,1,3,16.926360255617475,6,0,2,1,1,0,0,3.03210533252155,1.0,african_american,0.8472379227264529,0.7430665459085171,2
3110,16,0,1,1,14.64601541216362,7,0,3,1,0,0,0,2.804363175110951,2.0,african_american,0.7330896237904315,0.738162736653302,1
3111,18,0,0,2,12.218930514053064,21,0,0,0,0,0,0,0.6128025023431376,4.0,caucasian,0.6115958886266721,0.4281171220386705,0
3112,15,0,0,3,16.405859212183547,16,1,2,0,1,0,0,2.202232939648992,3.0,caucasian,0.8211829561397251,0.7248280692978076,1
3113,16,1,0,3,8.082196954859143,16,0,2,0,0,0,0,1.4102620381944773,4.0,caucasian,0.40452146289274027,0.4331650240249182,0
3114,15,0,0,0,4.430021017077054,15,0,2,0,1,0,0,1.4414095429135232,4.0,caucasian,0.2217027668917156,0.3051919368242009,1
3115,15,0,2,1,10.240467782175187,21,0,2,1,0,0,1,1.2335870210314048,4.0,hispanic,0.5125590451420198,0.5087913315994138,2
3116,16,1,0,2,10.976835111869477,1,0,0,0,0,0,0,2.7905751470187807,2.0,caucasian,0.549419732383232,0.3845938126682624,0
3117,15,1,1,1,10.766527440198242,29,0,1,0,0,0,0,0.3785436345391653,4.0,african_american,0.5388922619248138,0.45222458334736965,0
3118,18,1,3,1,11.301475829602106,7,0,1,0,0,0,1,2.1728123218250155,3.0,other,0.5656704261328761,0.47096929829301326,1
3119,15,0,0,0,18.97409836478361,16,0,4,1,1,0,0,2.3916876827143443,3.0,caucasian,0.9497425164938339,0.9648197615456837,2
3120,18,1,0,2,18.04491246192463,12,0,0,0,1,0,0,1.7831074672235316,4.0,caucasian,0.9032298188590165,0.6322608732013115,1
3121,18,0,0,1,17.514340731178788,17,0,1,1,1,0,0,1.7859269858399722,4.0,caucasian,0.8766707391206874,0.6886695173844811,2
3122,18,0,1,0,16.028336218172544,23,0,4,1,0,0,0,1.2687721230682183,4.0,african_american,0.8022851093077875,0.8615995765154512,1
3123,17,0,1,1,18.868562145305702,27,1,3,1,0,0,0,1.4868656515688805,4.0,african_american,0.944459640106026,0.8861217480742182,1
3124,15,1,0,3,1.969892833588065,21,0,2,1,0,0,0,1.0619359966520148,4.0,caucasian,0.09855496838396972,0.21898847786877879,1
3125,16,1,1,3,5.30246522891479,27,0,0,0,1,0,0,0.0,4.0,african_american,0.26537511889748394,0.18576258322823874,1
3126,16,1,2,2,9.901118913091697,9,0,3,0,0,0,0,2.1516179803357813,3.0,hispanic,0.49557209851289824,0.5719004689590288,0
3127,15,1,0,2,16.930689862468103,1,1,1,1,1,0,0,3.5974890937641693,0.0,caucasian,0.8474546519016387,0.6682182563311471,2
3128,17,1,0,4,10.10331423045465,1,0,3,1,1,0,0,3.812757187598897,0.0,caucasian,0.5056934850198848,0.5789854395139193,2
3129,17,0,2,1,14.960694786831771,26,0,4,1,0,1,1,1.1767815056705988,4.0,hispanic,0.7488416778851162,0.8241891745195813,3
3130,18,0,1,1,2.7791981049783243,13,0,2,1,1,0,1,1.948327515860377,4.0,african_american,0.13906674462445778,0.24734672123712043,3
3131,15,0,2,1,5.048276259531203,15,0,1,0,1,0,0,1.8080971980423568,4.0,hispanic,0.25265106159240996,0.25185574311468695,1
3132,15,0,1,1,14.635521900753448,6,0,3,0,1,1,0,3.222140089605496,1.0,african_american,0.7325643451332251,0.7377950415932575,2
3133,16,1,2,1,3.294680177754481,20,0,2,1,0,0,0,0.8092601434109807,4.0,hispanic,0.16487047422628867,0.26540933195840205,1
3134,15,1,0,3,7.027118693098535,20,1,2,1,1,0,0,1.2945928801079334,4.0,caucasian,0.3517069119838812,0.39619483838871683,2
3135,17,0,2,2,5.2973251562714285,23,1,2,0,0,1,0,1.0777476837996005,4.0,hispanic,0.26511781985329264,0.33558247389730483,1
3136,15,1,3,2,6.997233884449569,11,1,3,0,0,1,0,2.920181898407056,2.0,other,0.35021095400142926,0.4701476678010005,1
3137,16,1,1,3,14.166480981559406,27,0,2,0,0,0,0,0.7961429158962126,4.0,african_american,0.7090853422924553,0.6463597396047187,0
3138,18,0,0,0,7.35694362285602,22,1,4,0,0,0,0,1.446052351501112,4.0,caucasian,0.3682171142835851,0.5577519799985096,0
3139,16,0,0,1,11.105266452158803,27,0,3,0,1,0,0,0.9401842567137784,4.0,caucasian,0.5558486806478705,0.6140940764535093,1
3140,16,1,0,2,1.998637541088193,13,0,1,1,0,0,0,1.7820606670994417,4.0,caucasian,0.09999385578469434,0.14499569904928605,1
3141,18,1,0,2,16.100353864692558,24,1,3,0,0,1,0,1.1058998695955586,4.0,caucasian,0.8058901306567445,0.7891230914597211,1
3142,16,0,0,0,7.397772512962497,3,0,1,1,0,0,0,2.81347034515229,2.0,caucasian,0.3702609053209271,0.33418263372464896,1
3143,16,0,1,2,12.97068318066685,25,0,3,1,1,1,0,1.65178667236737,4.0,african_american,0.6492267269452355,0.6794587088616648,3
3144,15,0,1,2,14.507792033236653,3,0,1,1,1,0,0,3.603507572240497,0.0,african_american,0.7261705108224977,0.5833193575757484,2
3145,15,1,0,2,4.193218442234008,17,0,2,1,0,0,0,1.5269602894052965,4.0,caucasian,0.20984902855051696,0.29689431998536187,1
3146,18,0,1,2,17.693499699066997,2,1,3,0,1,0,1,3.4590447338738057,1.0,african_american,0.8856389842009348,0.8449472889406543,2
3147,15,0,0,1,12.32448503213906,0,0,1,1,0,0,0,3.3339700023673537,1.0,caucasian,0.6168796809965483,0.5068157766975838,1
3148,15,1,0,0,8.57450283502963,16,0,3,0,0,0,0,1.7181817231817458,4.0,caucasian,0.42916505087417317,0.5254155356119212,0
3149,16,1,0,2,3.646703671564391,6,0,3,1,1,1,0,3.1832324893858304,1.0,caucasian,0.18249188053212378,0.3527443163724866,3
3150,17,1,1,1,18.846018758024133,29,1,2,0,1,0,0,0.9966476630212407,4.0,african_american,0.9433311751206384,0.8103318225844468,1
3151,15,1,0,3,15.101364082632502,15,0,2,1,1,0,1,2.525086321570887,2.0,caucasian,0.7558832272693141,0.6791182590885199,3
3152,17,1,0,2,4.1604912546649775,29,0,4,0,0,1,0,0.512852046329121,4.0,caucasian,0.20821078826388262,0.4457475517847178,1
3153,15,0,0,1,6.75421549448449,4,1,1,0,0,1,1,2.864498066852598,2.0,caucasian,0.3380460676666639,0.3116322473666647,2
3154,15,0,2,2,16.193485161761465,18,0,3,0,0,1,0,1.733364046560005,4.0,hispanic,0.8105520479841342,0.7923864335888938,1
3155,18,1,0,2,13.91355326430678,6,0,3,1,0,0,0,2.9868916209305363,2.0,caucasian,0.6964244200810458,0.712497094056732,1
3156,18,1,1,1,15.315685854314488,13,1,4,0,0,0,0,2.565368052695248,2.0,african_american,0.7666116334280066,0.8366281433996046,0
3157,18,1,1,3,8.824022044258648,1,0,3,0,0,0,1,3.1391893048250425,1.0,african_american,0.44165535178945664,0.5341587462526196,1
3158,17,1,2,3,14.329525252843338,2,1,2,1,0,0,1,3.636416567860032,0.0,hispanic,0.7172469263931018,0.6520728484751713,2
3159,16,1,3,2,7.729874457278274,16,0,4,0,0,1,0,1.467442366638756,4.0,other,0.38688508921390957,0.5708195624497368,1
3160,15,0,0,0,4.225258338763929,15,1,3,0,0,0,0,1.7995311493172337,4.0,caucasian,0.21145286478496875,0.3730170053494781,0
3161,15,0,0,2,12.6535406968272,7,1,3,0,1,0,0,3.1831261171881216,1.0,caucasian,0.6333513758313182,0.6683459630819226,1
3162,15,0,2,2,19.520278511975885,17,0,0,0,0,0,0,1.441964197006561,4.0,hispanic,0.9770829141067643,0.6839580398747349,0
3163,17,0,0,1,6.212019427906592,14,0,2,1,1,1,0,1.8815889866263615,4.0,caucasian,0.31090510305890395,0.3676335721412327,3
3164,18,1,1,1,9.219391844250794,6,1,3,0,0,1,0,3.1326292974173744,1.0,african_american,0.4614465646182245,0.548012595232757,1
3165,16,0,1,3,13.480027421397072,26,0,2,1,0,0,0,0.8142853492286524,4.0,african_american,0.6747232121891747,0.6223062485324223,1
3166,17,1,1,0,10.830125642449758,8,0,2,0,0,0,0,2.4777903742896354,3.0,african_american,0.5420758271751485,0.5294530790226039,0
3167,18,1,3,2,16.868555914180984,5,0,1,1,0,0,0,2.9713320163258232,2.0,other,0.8443443835036314,0.6660410684525419,1
3168,17,1,3,2,15.234854129390316,17,1,2,1,0,0,0,2.071972431377945,3.0,other,0.7625654015930954,0.6837957811151667,1
3169,16,0,2,2,1.1659440772471408,17,1,1,1,1,0,1,1.6356867327778124,4.0,hispanic,0.058311325747424106,0.11581792802319688,3
3170,18,1,0,0,19.96842467847548,24,0,1,0,0,0,0,0.9062765162662464,4.0,caucasian,0.9995159784423966,0.7746611849096775,0
3171,17,0,2,3,15.048049074389343,25,0,2,0,0,0,0,0.8090678531539729,4.0,hispanic,0.753214412718661,0.6772500889030627,0
3172,16,0,0,1,17.278066325882264,23,1,3,0,0,0,0,1.6838320257206556,4.0,caucasian,0.8648434396119568,0.8303904077283697,0
3173,15,1,0,2,13.023954241906928,13,1,2,1,1,0,0,3.138784394067383,1.0,caucasian,0.6518933416199973,0.6063253391339981,2
3174,16,1,2,2,17.125702560935245,13,0,1,0,0,1,0,1.798950340087624,4.0,hispanic,0.8572164946618905,0.6750515462633233,1
3175,15,1,0,2,2.247659498574188,13,1,1,1,1,1,0,1.687307435197655,4.0,caucasian,0.11245926553460342,0.15372148587422238,3
3176,17,0,0,4,6.954756711186311,24,1,2,0,0,1,0,0.9030855768578068,4.0,caucasian,0.34808465407555156,0.3936592578528861,1
3177,18,1,0,2,17.528418872089855,3,0,3,0,0,1,0,3.137624350847544,3.0,caucasian,0.8773754552699984,0.8391628186889988,1
3178,18,0,2,1,4.033104225337844,3,1,3,0,0,0,1,3.189217169770364,2.0,hispanic,0.2018341155663527,0.36628388089644687,1
3179,17,1,1,4,1.564841971600455,14,0,1,0,1,0,0,1.795369078193629,3.0,african_american,0.0782791460621032,0.12979540224347225,1
3180,18,1,1,2,15.76237879890438,14,0,2,1,1,0,0,2.435958199527401,4.0,african_american,0.7889719531480844,0.702280367203659,2
3181,18,0,0,1,16.709723112865923,17,0,3,0,0,0,0,1.6884896091579062,4.0,caucasian,0.8363936149444794,0.8104755304611355,0
3182,15,0,2,1,3.253044363798012,13,1,1,0,0,0,0,1.8440563794665372,1.0,hispanic,0.16278629062064195,0.18895040343444935,0
3183,17,0,2,3,17.08691965565431,25,1,2,0,0,0,0,1.3055845144947993,2.0,hispanic,0.8552751204533693,0.7486925843173585,0
3184,16,0,0,1,13.735355911943392,0,0,2,1,0,0,0,3.545153035874012,2.0,caucasian,0.6875043110433378,0.6312530177303364,1
3185,15,0,0,2,10.40165366433168,9,0,1,0,0,0,1,2.17234554236808,4.0,caucasian,0.520627602980315,0.43943932208622044,1
3186,17,0,0,2,16.6050038556277,28,0,0,0,1,0,0,0.3751478505639292,4.0,caucasian,0.8311516336213907,0.5818061435349734,1
3187,15,1,3,1,8.384984986379315,19,1,2,1,1,0,0,1.5578704926030598,3.0,other,0.4196782664066618,0.4437747864846632,2
3188,16,1,1,2,3.879879124467944,9,1,0,0,0,0,0,2.185710840310208,3.0,african_american,0.19416405431714787,0.1359148380220035,0
3189,16,0,3,0,5.697053532212273,9,0,1,0,1,0,0,2.4598046717382283,1.0,other,0.28512721197707175,0.2745890483839502,1
3190,17,1,0,2,10.103280365866295,26,0,2,0,1,0,0,0.4275685065973586,4.0,caucasian,0.5056917898441897,0.5039842528909327,1
3191,16,0,2,2,10.626615853463514,23,0,0,1,0,0,0,0.8719991150294315,3.0,hispanic,0.5318886415412322,0.3723220490788625,1
3192,15,1,2,2,16.111616528824673,1,0,2,1,0,0,0,3.2229374986891246,1.0,hispanic,0.8064539111550578,0.7145177378085404,1
3193,16,1,1,2,15.827054473046688,28,0,1,1,1,0,0,0.8181261027428247,2.0,african_american,0.7922094539177938,0.6295466177424556,2
3194,15,0,3,3,11.627331144091498,27,1,2,1,0,0,0,0.6189366143827062,4.0,other,0.581981919526081,0.5573873436682567,1
3195,15,0,0,2,15.615709667309527,26,0,3,1,0,0,0,1.1746095143108737,0.0,caucasian,0.7816300671495535,0.7721410470046874,1
3196,16,0,0,0,3.83546916587342,7,0,3,0,1,1,0,2.8005690841335875,4.0,caucasian,0.1919410040430034,0.35935870283010235,2
3197,17,1,1,1,1.0012905418658868,0,0,2,0,0,0,0,2.995458295719109,3.0,african_american,0.05006918595373176,0.18504843016761222,0
3198,18,0,2,2,17.472676452694003,0,0,0,0,1,0,0,3.353659743298607,4.0,hispanic,0.8745851306527017,0.6122095914568911,1
3199,16,1,1,3,1.5110898752553914,3,0,3,0,0,0,0,2.7326611971495227,0.0,african_american,0.07558845198587706,0.2779119163901139,0
3200,15,0,0,3,4.933768594879946,6,0,1,1,0,0,0,2.555667542727533,4.0,caucasian,0.24691909733595124,0.24784336813516583,1
3201,15,1,1,3,13.906378992487692,8,0,0,1,0,1,0,2.378050042081803,3.0,african_american,0.6960652941678733,0.4872457059175113,2
3202,16,1,0,1,8.188958752546183,15,1,3,0,0,0,0,2.0607924590958486,2.0,caucasian,0.4098656886278572,0.5119059820395,0
3203,17,0,0,2,17.526279398310177,4,0,4,0,0,0,0,3.1152505558547765,3.0,caucasian,0.8772683586204414,0.9140878510343089,0
3204,17,1,1,2,5.959595893245391,1,1,2,1,0,0,0,3.453790618896306,1.0,african_american,0.2982694189536209,0.35878859326753465,1
3205,15,1,2,1,0.2374269333871859,27,0,0,0,1,0,0,0.0,3.0,hispanic,0.011832104497705364,0.008282473148393754,1
3206,15,0,0,0,6.013112811214882,22,0,3,0,0,0,0,1.0281836891510068,1.0,caucasian,0.300948340594816,0.4356638384163712,0
3207,17,1,0,3,11.561500983696632,10,0,0,1,0,0,0,1.989455195588546,4.0,caucasian,0.5786866280927125,0.40508063966489877,1
3208,18,0,0,1,7.518767508065867,17,1,3,0,0,0,0,1.6720340583678444,1.0,caucasian,0.376317608942079,0.48842232625945525,0
3209,16,0,0,1,10.697455115175105,24,0,2,1,0,0,1,0.8762666604767739,4.0,caucasian,0.5354346759252309,0.5248042731476615,2
3210,15,0,2,0,17.531962376700374,24,0,2,1,0,0,0,0.8597452884552536,1.0,hispanic,0.8775528341540404,0.7642869839078282,1
3211,15,0,3,3,18.24970108460737,18,1,2,0,0,0,1,1.970600159244711,3.0,other,0.9134810196753279,0.7894367137727295,1
3212,17,1,0,2,5.319481293082243,12,0,4,0,1,0,0,2.268850734169383,0.0,caucasian,0.2662269000589503,0.4863588300412652,1
3213,16,1,2,2,9.242809465398016,23,1,3,1,0,0,0,1.11944101772116,4.0,hispanic,0.4626187915411643,0.5488331540788149,1
3214,17,1,2,3,10.982880304829024,10,0,2,0,1,1,0,2.370893096932428,1.0,hispanic,0.5497223394626188,0.5348056376238332,2
3215,16,0,2,1,18.982249137764946,19,0,3,0,0,0,0,1.499701931968684,0.0,hispanic,0.9501505235869294,0.8901053665108505,0
3216,16,1,0,2,19.972346383287693,18,0,2,1,0,0,0,1.8790984603853385,1.0,caucasian,0.9997122890725755,0.8497986023508028,1
3217,16,1,3,0,4.708144976830533,16,1,3,0,0,0,0,1.699348106354839,1.0,other,0.23562494931528488,0.3899374645206994,0
3218,15,0,0,1,14.539597426916307,4,0,3,0,1,0,0,3.3675911599478865,1.0,caucasian,0.7277626084370078,0.7344338259059054,1
3219,18,0,0,3,7.560621244663903,12,0,0,0,0,0,0,1.2878189977208636,3.0,caucasian,0.37841270120432907,0.26488889084303036,0
3220,17,1,0,2,0.1621639377242645,29,0,2,0,0,0,0,0.0,1.0,caucasian,0.008064629173780528,0.15564524042164637,0
3221,18,0,0,1,0.1850504487180471,26,0,4,0,0,0,0,0.5764027197831978,0.0,caucasian,0.009210270064902926,0.30644718904543206,0
3222,17,0,0,1,9.211320151245117,19,1,4,0,1,1,1,1.9922988471433196,1.0,caucasian,0.46104251606882335,0.6227297612481764,3
3223,16,0,0,2,9.766698260086692,0,0,0,0,1,0,0,3.043931624402609,2.0,caucasian,0.488843340392635,0.34219033827484446,1
3224,15,0,0,0,0.4513939314688531,9,0,1,0,0,0,0,1.756186167808898,4.0,caucasian,0.02254275158671154,0.09077992611069807,0
3225,18,1,2,1,13.73854833548605,7,0,4,1,0,0,1,3.2537859623175915,3.0,hispanic,0.6876641156965347,0.7813648809875743,2
3226,15,0,2,1,5.880067771899062,23,0,2,1,1,0,0,1.0933875706255465,2.0,hispanic,0.29428844221875516,0.3560019095531286,2
3227,17,0,0,1,11.197862030718987,28,0,2,0,1,0,0,0.763471998256058,2.0,caucasian,0.5604837812608254,0.5423386468825778,1
3228,15,0,2,3,6.018381463308375,7,0,1,0,0,0,0,2.2973555861936927,0.0,hispanic,0.30121207600127625,0.28584845320089336,0
3229,15,0,2,1,3.342686297386144,18,1,3,1,1,0,0,1.6511561293797232,0.0,hispanic,0.1672735392320944,0.34209147746246604,2
3230,18,0,2,1,8.143474771977505,5,1,1,1,0,0,1,2.827614868021281,3.0,hispanic,0.40758887552844464,0.3603122128699112,2
3231,16,0,0,2,4.645467295810015,11,0,1,1,0,0,0,2.0557722559036584,3.0,caucasian,0.23248746303101295,0.23774122412170906,1
3232,15,0,1,3,10.69601953838336,27,1,1,1,0,0,0,0.7697406121390962,4.0,african_american,0.5353628145796805,0.44975397020577634,1
3233,16,0,3,1,3.976570605729599,6,0,4,0,0,0,0,2.635693450834733,1.0,other,0.19900418546630558,0.4393029298264139,0
3234,17,1,1,0,10.168119532892542,15,0,3,0,0,1,0,1.9337798086138684,3.0,african_american,0.5089374746544154,0.5812562322580908,1
3235,15,0,0,1,3.147570297377351,8,0,3,1,0,1,0,2.7157532703177374,3.0,caucasian,0.15750652545777832,0.3352545678204448,2
3236,18,1,1,2,13.4194941897157,20,0,2,1,0,0,0,1.325172784257977,1.0,african_american,0.6716930716183903,0.6201851501328732,1
3237,17,0,1,2,15.07875368882848,24,0,4,0,0,1,0,1.2450911401798577,4.0,african_american,0.7547514081067819,0.8283259856747474,1
3238,17,0,1,3,2.2078846849986755,21,1,3,0,0,0,0,1.3339741028791137,0.0,african_american,0.11046823890405864,0.30232776723284105,0
3239,18,0,0,4,9.356048240746784,9,1,3,0,0,0,0,2.622327676479096,4.0,caucasian,0.46828723840645603,0.5528010668845191,0
3240,15,0,0,2,1.4174340130974716,9,0,4,0,1,0,0,2.407284043136154,1.0,caucasian,0.07090027625605158,0.34963019337923606,1
3241,15,1,2,2,11.963648910840048,9,0,2,0,0,0,0,2.266160309674473,0.0,hispanic,0.5988171368338994,0.5691719957837296,0
3242,17,0,2,2,5.288085958592907,19,1,3,1,0,0,0,1.7609996788469535,0.0,hispanic,0.2646553289710191,0.4102587302797134,1
3243,15,0,0,0,10.552489136774156,28,0,4,1,0,0,0,0.8130174224118295,0.0,caucasian,0.5281780454706015,0.669724631829421,1
3244,16,1,3,4,10.349220187685823,15,0,3,1,1,0,1,2.19241453410119,4.0,other,0.5180029156732141,0.5876020409712499,3
3245,18,1,0,1,18.487086923876006,0,0,2,1,0,0,0,3.211743755038164,1.0,caucasian,0.9253639547593798,0.7977547683315659,1
3246,16,0,1,1,10.981664451374458,16,0,0,0,0,0,0,1.2782356660108654,4.0,african_american,0.5496614769119424,0.3847630338383597,0
3247,15,1,2,2,11.659969594366313,29,0,3,1,1,1,0,0.9238316977083888,4.0,hispanic,0.5836157178480642,0.6335310024936449,3
3248,17,1,2,1,8.033062515287606,25,1,2,1,0,1,0,1.3250390169983148,2.0,hispanic,0.4020619170427491,0.4314433419299243,2
3249,18,1,3,2,18.981592063656336,20,1,1,0,0,1,0,1.6094102771441563,3.0,other,0.9501176321179098,0.7400823424825368,1
3250,15,0,0,2,15.543718188792193,28,0,3,1,0,1,0,1.2628487317952892,4.0,caucasian,0.7780263557046668,0.7696184489932667,2
3251,15,0,2,2,5.708105806056832,13,1,2,0,1,0,0,2.2435930907680928,2.0,hispanic,0.2856804608693843,0.34997632260856903,1
3252,17,0,0,3,16.88419171552464,18,0,2,1,0,0,0,1.5576879646413533,1.0,caucasian,0.845127072196968,0.7415889505378777,1
3253,17,1,2,1,8.6479272037018,20,0,3,0,1,0,0,1.1625740735001573,2.0,hispanic,0.4328404891783575,0.5279883424248502,1
3254,16,0,2,2,16.57334287067188,20,1,2,0,0,1,0,1.6806611823420308,4.0,hispanic,0.8295667647425803,0.7306967353198062,1
3255,18,1,1,2,16.45776136587004,16,0,0,0,1,0,1,1.599424076132399,1.0,african_american,0.823781046762482,0.5766467327337373,2
3256,18,0,0,2,3.777403735257088,13,0,2,0,0,0,0,1.2738181762310288,2.0,caucasian,0.1890343953557827,0.2823240767490479,0
3257,17,0,2,2,14.022822627671538,7,0,0,0,0,0,0,2.210289203345338,4.0,hispanic,0.7018941682157258,0.49132591775100803,0
3258,16,1,0,1,5.812859386130622,20,1,1,0,0,0,0,1.0085719028530793,1.0,caucasian,0.2909241603068652,0.27864691221480564,0
3259,18,0,0,2,5.949853399853364,20,1,0,0,0,0,0,0.968725634893168,1.0,caucasian,0.29778173436008776,0.20844721405206143,0
3260,17,1,2,1,5.926961537611614,8,1,1,0,0,0,0,2.681277359272072,3.0,hispanic,0.29663582559901824,0.28264507791931276,0
3261,15,1,0,3,14.511364951198964,7,0,2,0,1,0,1,2.4013738525578114,4.0,caucasian,0.7263493620645836,0.6584445534452085,2
3262,18,0,2,1,4.596520835850722,12,1,2,1,0,0,0,2.376854346050859,3.0,hispanic,0.2300373269652629,0.31102612887568404,1
3263,16,1,0,2,0.0181167049218045,16,0,4,1,0,1,0,1.94767693624079,1.0,caucasian,0.0008539888015386816,0.30059779216107707,2
3264,16,0,0,0,14.304737069652662,18,1,2,1,0,0,0,1.7797561259491266,1.0,caucasian,0.716006092598576,0.6512042648190032,1
3265,16,0,2,1,3.423694876702505,27,0,3,1,0,0,0,0.5575488870769554,2.0,hispanic,0.17132862395085155,0.3449300367655961,1
3266,15,1,1,2,2.089647906156693,6,0,2,0,1,1,0,2.79540580881386,3.0,african_american,0.10454960461713002,0.223184723231991,2
3267,18,0,0,3,4.750322411881203,16,0,3,0,0,0,0,1.5147637597128956,0.0,caucasian,0.2377362451038755,0.39141537157271283,0
3268,18,1,2,2,7.598010446454079,0,1,3,0,0,0,0,3.040729612939948,4.0,hispanic,0.38028431013890585,0.49119901709723407,0
3269,15,0,1,3,9.518126549464014,4,1,2,1,0,0,0,3.208461746184048,3.0,african_american,0.47640046886263443,0.4834803282038441,1
3270,18,0,1,2,0.8914008142526164,24,0,1,1,0,0,0,0.621119927824666,1.0,african_american,0.04456838395283851,0.10619786876698695,1
3271,15,0,0,2,19.411466652547208,5,0,2,0,0,0,1,2.7996697335356093,2.0,caucasian,0.9716360674627118,0.8301452472238983,1
3272,15,0,2,1,14.321261068391165,25,1,3,0,0,0,0,1.3023928842500831,4.0,hispanic,0.7168332422084412,0.7267832695459088,0
3273,15,0,2,3,6.463881306486723,1,0,2,1,1,0,0,3.482452519043289,4.0,hispanic,0.32351267208044193,0.3764588704563093,2
3274,16,1,2,1,6.373945145707946,26,1,3,0,1,0,0,1.2523485891697117,2.0,hispanic,0.31901069519953096,0.4483074866396716,1
3275,18,1,0,3,8.970850987369188,24,1,1,0,1,0,0,1.16974580305184,1.0,caucasian,0.4490052375485143,0.38930366628396,1
3276,15,1,2,3,12.52489645526066,15,0,0,1,1,0,0,2.2847914471212656,0.0,hispanic,0.6269117702668836,0.43883823918681847,2
3277,18,1,1,3,2.927461331779355,21,0,2,0,0,0,0,1.021019253339771,2.0,african_american,0.14648842699968564,0.25254189889977996,0
3278,16,1,1,2,3.7785962752990474,4,0,3,1,0,0,1,2.8973550040674096,0.0,african_american,0.18909409089595222,0.3573658636271665,2
3279,15,1,0,2,17.18869165667102,4,0,2,0,1,0,0,3.2759034528026745,3.0,caucasian,0.8603695695796588,0.7522586987057611,1
3280,17,0,2,2,5.125098477781451,11,0,3,1,1,0,0,2.430091199210449,4.0,hispanic,0.2564965876578781,0.40454761136051465,2
3281,16,0,2,1,7.603899959503551,2,1,1,1,0,1,0,3.228448079477929,1.0,hispanic,0.3805791242754995,0.34140538699284967,2
3282,17,1,0,2,17.42543701900234,29,0,2,0,0,0,0,0.2145700909687167,0.0,caucasian,0.8722204440071342,0.7605543108049939,0
3283,18,1,0,0,13.26295658799645,15,0,3,1,0,0,0,2.024030375549312,1.0,caucasian,0.6638571949495297,0.6897000364646707,1
3284,18,0,2,2,6.834237586833767,5,0,3,1,0,0,0,3.03416743887847,3.0,hispanic,0.3420517713413485,0.4644362399389439,1
3285,16,0,0,1,13.673990914492416,14,0,1,1,0,0,0,1.6998253090682822,0.0,caucasian,0.6844325343805446,0.5541027740663812,1
3286,18,0,3,1,0.3936643076282742,14,1,2,0,1,1,1,2.0956481907808397,1.0,other,0.019652952537881047,0.16375706677651672,3
3287,17,1,1,1,14.712853200227304,28,0,3,0,0,0,0,0.5242135665585334,1.0,african_american,0.7364353545179649,0.7405047481625754,0
3288,15,1,1,2,9.74032081032479,15,0,0,0,0,0,0,1.3026414038177534,3.0,african_american,0.4875229519306728,0.34126606635147094,0
3289,15,1,0,2,16.263642945689224,19,1,3,1,0,1,0,2.1371244106086893,2.0,caucasian,0.8140639693128157,0.794844778518971,2
3290,15,0,0,0,19.092753040129367,12,0,2,1,0,0,1,2.4222760935888,3.0,caucasian,0.9556820696234428,0.81897744873641,2
3291,16,0,3,2,18.515770989891365,11,0,1,0,0,0,0,2.569614181305555,0.0,other,0.9267998066006577,0.7237598646204604,0
3292,18,1,0,1,18.18530086910681,9,0,3,0,1,0,0,2.70295861751592,0.0,caucasian,0.9102573076689597,0.8621801153682718,1
3293,17,1,2,2,10.243399118677743,13,1,1,1,1,0,1,2.3116704996467785,4.0,hispanic,0.5127057804379275,0.4338940463065492,3
3294,18,0,0,2,7.202842282778761,1,0,4,0,1,0,0,3.384992088760673,1.0,caucasian,0.36050319071449116,0.5523522335001438,1
3295,18,0,0,2,9.300706494613456,28,1,3,0,0,0,0,0.3907558869817938,0.0,caucasian,0.46551697047991714,0.5508618793359419,0
3296,18,0,0,2,13.797920066267215,2,1,3,0,0,0,0,3.597766084455523,2.0,caucasian,0.6906361144681296,0.7084452801276906,0
3297,15,0,1,1,17.679955537423734,8,0,0,0,1,0,0,2.275665113075239,2.0,african_american,0.8849609977040541,0.6194726983928378,1
3298,17,1,3,2,4.139726060002391,10,0,4,1,0,0,0,2.710576700770992,3.0,other,0.20717133510634198,0.44501993457443934,1
3299,17,0,0,2,18.36386316923406,10,0,3,0,1,0,1,2.5559753763709523,0.0,caucasian,0.9191956850692643,0.868436979548485,2
3300,18,0,0,2,16.303604639397783,24,0,1,0,1,0,1,1.027727966185627,0.0,caucasian,0.8160643506904521,0.6462450454833164,2
3301,15,0,0,2,19.57712030356469,21,1,2,1,0,0,0,2.0956913654305778,4.0,caucasian,0.9799282705172055,0.8359497893620439,1
3302,15,1,1,0,17.605035465633744,9,0,1,0,0,0,0,2.380839869039285,4.0,african_american,0.8812106882824147,0.6918474817976902,0
3303,17,1,0,2,5.598746593838133,25,0,4,0,0,0,0,0.66207873669096,4.0,caucasian,0.2802062151281829,0.496144350589728,0
3304,15,0,2,2,2.119118226880954,13,1,3,1,0,0,0,1.9965131156897773,0.0,hispanic,0.10602481438175412,0.2992173700672279,1
3305,15,0,1,1,2.2448214398317723,8,0,4,1,0,0,0,2.1398641508658107,3.0,african_american,0.11231719948759425,0.37862203964131597,1
3306,15,0,1,0,5.8244663715655225,19,0,3,0,1,0,0,1.361434707190739,3.0,african_american,0.29150517665927017,0.4290536236614891,1
3307,16,1,0,0,12.283674479690784,26,0,2,0,1,0,0,0.4958590410264636,3.0,caucasian,0.6148368078960246,0.5803857655272172,1
3308,18,1,3,3,16.086406521943452,20,0,1,0,0,1,0,1.28766735664722,3.0,other,0.8051919619328086,0.6386343733529659,1
3309,17,1,0,2,17.985006139631295,9,1,1,1,0,0,1,2.6650755516566824,2.0,caucasian,0.900231059787586,0.7051617418513101,2
3310,17,0,0,1,12.475067687384657,21,0,1,0,0,0,0,0.954787542101481,0.0,caucasian,0.6244174680969939,0.5120922276678957,0
3311,16,1,1,1,0.1126262549610745,28,0,2,0,0,0,0,0.0,1.0,african_american,0.005584897988875277,0.15390942859221268,0
3312,18,0,1,2,3.7263355303706702,8,0,4,0,0,0,1,2.3169599744650875,0.0,african_american,0.18647805010202206,0.43053463507141543,1
3313,17,0,0,3,1.994524077067359,28,0,4,1,0,0,1,0.6743629436081446,3.0,caucasian,0.09978794617323332,0.3698515623212633,2
3314,15,0,0,0,7.2664895113802,4,0,1,0,0,0,0,2.53663378226987,2.0,caucasian,0.3636892100999813,0.3295824470699869,0
3315,17,1,2,1,10.027019872674918,7,0,3,0,0,1,0,2.3433313526833226,2.0,hispanic,0.501874382315321,0.5763120676207247,1
3316,15,0,0,3,0.8679435715712169,10,1,2,0,0,0,0,2.2404508383745223,0.0,caucasian,0.04339417367604738,0.18037592157323315,0
3317,16,1,2,0,6.969559515913106,0,1,2,0,0,0,0,3.0526409582889382,1.0,hispanic,0.348825645063777,0.39417795154464386,0
3318,15,1,1,1,3.583593492506452,20,0,3,1,0,0,0,0.9538406849215224,3.0,african_american,0.1793327444893048,0.35053292114251333,1
3319,17,0,0,4,12.94140332517748,9,0,2,1,0,1,1,2.596111264562239,2.0,caucasian,0.6477610513888395,0.6034327359721876,3
3320,17,0,0,2,9.2854473864868,0,0,4,1,0,1,1,4.0,3.0,caucasian,0.46475313809687263,0.6253271966678109,3
3321,17,1,0,1,9.906352938678175,25,0,3,1,1,0,0,1.0823899503415932,3.0,caucasian,0.4958341006039413,0.5720838704227589,2
3322,16,0,2,0,8.553835760669221,29,0,3,0,1,0,0,0.5282255514744685,3.0,hispanic,0.4281305093709452,0.5246913565596616,1
3323,16,1,1,0,19.12039420973134,21,0,1,1,0,0,0,1.4627462917493628,4.0,african_american,0.95706571670635,0.7449460016944449,1
3324,18,0,0,1,4.294702502431265,6,0,1,0,0,0,0,2.006721725237717,3.0,caucasian,0.21492906408720003,0.22545034486104,0
3325,17,1,1,3,10.333285196877489,27,0,2,0,0,0,0,0.4733008709069619,3.0,african_american,0.5172052503115238,0.5120436752180666,0
3326,15,1,3,2,14.72034736730672,13,1,3,1,0,0,1,2.3780489451557907,1.0,other,0.7368104935792843,0.7407673455054989,2
3327,16,1,0,2,11.13688826269125,4,0,4,1,1,0,0,3.546432808712968,1.0,caucasian,0.5574315885540664,0.6902021119878464,2
3328,17,1,3,3,18.580417714336026,16,1,2,1,0,0,0,2.288466675256948,4.0,other,0.9300358582216779,0.8010251007551745,1
3329,17,0,0,2,7.559367112825683,21,0,3,1,0,0,0,1.3399355086329854,4.0,caucasian,0.3783499225345216,0.4898449457741651,1
3330,16,0,0,1,9.27351611546356,25,0,2,1,0,0,0,0.8131476267952477,3.0,caucasian,0.4641558888275978,0.47490912217931847,1
3331,18,1,0,2,1.7704463042945684,20,1,1,0,1,0,1,1.5561060712293842,2.0,caucasian,0.08857117925974961,0.1369998254818247,2
3332,16,1,0,3,12.17998222103857,5,0,3,1,1,0,0,3.262922354666704,2.0,caucasian,0.6096462355262523,0.6517523648683765,2
3333,16,0,0,3,5.764239368962121,15,1,3,1,0,0,0,2.179357068500431,0.0,caucasian,0.28849036514208715,0.426943255599461,1
3334,15,0,0,0,3.206180790311377,10,0,1,1,1,0,1,2.220050546998637,2.0,caucasian,0.16044041858689273,0.1873082930108249,3
3335,15,0,3,2,10.89062585809016,9,0,2,1,0,0,0,2.226513595090375,2.0,other,0.5451043150463752,0.5315730205324627,1
3336,18,0,2,2,10.646205267598212,14,0,2,0,0,0,0,1.5656478476708735,1.0,hispanic,0.5328692380975153,0.5230084666682607,0
3337,17,0,2,3,1.517432824480951,6,0,1,1,0,0,0,2.0787778990811447,0.0,hispanic,0.07590596399131504,0.12813417479392053,1
3338,16,0,0,1,13.964309069889456,22,1,4,0,0,1,0,1.5624112622115092,0.0,caucasian,0.698965127415299,0.7892755891907093,1
3339,18,1,0,2,12.475443813017058,1,1,2,1,0,1,0,3.5729453198762804,1.0,caucasian,0.6244362959954358,0.587105407196805,2
3340,15,0,0,3,3.780345654929944,11,1,1,0,1,0,0,2.073033167181521,2.0,caucasian,0.18918166041844503,0.20742716229291153,1
3341,16,0,2,2,9.388697243080877,18,0,1,0,1,0,0,1.2889376961826329,2.0,hispanic,0.46992156493785475,0.4039450954564983,1
3342,17,1,3,2,14.4064583295712,11,0,4,0,0,0,0,2.5474496063949026,0.0,other,0.7210980017537472,0.804768601227623,0
3343,15,0,0,0,10.58871481082553,15,0,3,0,0,0,1,2.037768574636005,2.0,caucasian,0.5299914111475718,0.5959939878033003,1
3344,15,0,0,1,7.909781523671404,5,0,3,0,0,0,0,2.915898132959834,0.0,caucasian,0.39589078221437757,0.5021235475500643,0
3345,15,0,1,1,6.446769161618873,2,1,0,0,0,0,1,2.799063885002723,2.0,african_american,0.32265608136197266,0.22585925695338085,1
3346,18,0,0,3,12.207877332881072,1,0,3,0,1,0,0,3.2501100112534,3.0,caucasian,0.6110425943158417,0.6527298160210891,1
3347,17,0,0,1,18.78217396620481,19,0,2,0,0,1,0,1.8233231026458456,1.0,caucasian,0.9401352662198327,0.8080946863538828,1
3348,16,1,1,2,13.434896809549668,4,0,3,0,0,1,0,2.992912336093737,4.0,african_american,0.6724640878347546,0.6957248614843282,1
3349,18,0,2,2,1.49491807272631,10,1,4,0,0,1,0,2.6317363035461985,3.0,hispanic,0.07477893242802461,0.3523452526996172,1
3350,18,1,0,1,9.213699469642677,25,1,1,1,0,0,0,0.9326697393710618,2.0,caucasian,0.46116161873370687,0.3978131331135948,1
3351,18,1,0,2,17.81648263021255,24,0,2,0,0,1,0,0.8722095356275656,4.0,caucasian,0.8917951988755399,0.7742566392128779,1
3352,15,0,3,2,1.8892485160217376,2,0,0,0,1,0,0,2.4515024403351484,3.0,other,0.09451811768769088,0.0661626823813836,1
3353,17,1,0,3,19.77751424275087,2,0,2,0,1,0,1,3.4959497421090022,1.0,caucasian,0.989959484585927,0.8429716392101488,2
3354,18,0,0,2,18.981387872908428,21,0,1,0,0,0,0,1.0888824821778935,4.0,caucasian,0.9501074108451935,0.7400751875916354,0
3355,16,1,0,2,1.5654896145975172,4,1,4,1,1,0,0,3.9794209177543953,4.0,caucasian,0.07831156543351746,0.3548180958034622,2
3356,17,1,0,1,18.668266408991094,21,0,2,0,1,1,0,1.521013489971915,1.0,caucasian,0.9344333418248323,0.8041033392773825,2
3357,16,0,0,3,7.262651805189244,22,0,3,0,0,0,0,0.7662574469888989,3.0,caucasian,0.363497104228463,0.47944797295992403,0
3358,17,0,2,1,16.89418334151725,10,0,3,0,0,0,1,2.471395779180272,4.0,hispanic,0.8456272277387651,0.8169390594171355,1
3359,16,0,0,2,8.36766675426543,2,0,4,1,0,0,0,3.286585133610396,1.0,caucasian,0.41881135948157366,0.5931679516371016,1
3360,15,0,0,1,8.817102254050317,12,1,2,1,0,1,0,2.121473442487156,3.0,caucasian,0.4413089645824767,0.4589162752077337,2
3361,18,0,1,3,12.684861819550852,20,0,2,0,0,0,0,1.3476334931151803,2.0,african_american,0.6349192320658411,0.5944434624460887,0
3362,16,1,1,2,15.489548385519669,7,0,0,0,0,0,0,2.4629431182407853,0.0,african_american,0.7753147522754714,0.54272032659283,0
3363,17,1,2,2,0.6757830189649727,19,1,0,0,0,0,0,1.0410289006678957,2.0,hispanic,0.03377510212834858,0.023642571489844007,0
3364,18,1,2,1,11.863119910542686,9,0,3,1,0,0,0,2.669979035304761,2.0,hispanic,0.5937849091817421,0.6406494364272195,1
3365,18,1,0,2,3.73465988194742,1,1,0,0,0,0,0,2.735041610764964,0.0,caucasian,0.18689474610085713,0.13082632227059998,0
3366,17,1,2,2,6.918990357264059,3,0,2,0,0,0,0,2.742091793566248,2.0,hispanic,0.346294280803242,0.3924059965622694,0
3367,16,1,0,2,6.95937332310433,17,0,0,0,0,0,0,0.9842942952193188,2.0,caucasian,0.34831574999896087,0.24382102499927258,0
3368,15,1,3,1,9.381206804423073,18,0,3,0,0,1,0,1.4547228982036302,1.0,other,0.4695466125118971,0.5536826287583279,1
3369,15,0,0,4,6.682728237523468,3,0,2,0,0,1,1,3.1585923238952263,1.0,caucasian,0.33446759627838757,0.38412731739487127,2
3370,16,0,3,3,2.147222369013355,19,0,1,0,0,0,1,1.0674108498772592,3.0,other,0.10743163669929923,0.15020214568950946,1
3371,18,1,2,1,2.912574770509029,25,0,1,0,1,0,1,0.5694198849254213,4.0,hispanic,0.1457432433705987,0.17702027035941909,2
3372,18,1,0,3,0.6687597112219534,8,0,2,0,0,0,1,1.934761727404891,3.0,caucasian,0.03342353309523885,0.17339647316666718,1
3373,18,0,1,2,9.404981706575086,15,0,3,0,0,0,0,1.8491038760645369,1.0,african_american,0.4707367240188533,0.5545157068131973,0
3374,18,0,3,2,19.08895389705977,25,0,2,0,0,0,0,0.825019641346986,1.0,other,0.9554918941243056,0.8188443258870138,0
3375,16,0,2,1,2.313504472962331,5,1,3,1,0,0,0,2.913898458953871,0.0,hispanic,0.11575529851903066,0.30602870896332146,1
3376,18,0,0,2,18.92528986006164,24,0,1,1,0,1,1,1.1645391660958937,0.0,caucasian,0.9472992861185608,0.7381095002829925,3
3377,17,1,2,2,14.667230294641872,3,0,0,1,0,0,0,2.928219390714798,1.0,hispanic,0.7341515871833683,0.5139061110283577,1
3378,18,0,0,2,12.749976058683265,8,1,0,1,1,0,0,2.6523548127186087,2.0,caucasian,0.6381786862904139,0.4467250804032897,2
3379,15,1,0,2,12.905555106471258,26,0,2,0,0,1,1,0.7093533742145925,3.0,caucasian,0.6459665801723704,0.6021766061206593,2
3380,18,1,0,2,16.53455296792564,12,0,3,0,0,0,0,2.5094912303073182,1.0,caucasian,0.8276250402586331,0.8043375281810431,0
3381,16,1,0,2,2.1383972875964274,8,0,1,1,1,0,0,1.979379413769687,1.0,caucasian,0.10698987543033764,0.14989291280123634,2
3382,15,0,2,0,10.095086471310834,5,0,3,0,0,0,0,2.956254523615616,0.0,hispanic,0.50528162419409,0.5786971369358629,0
3383,16,0,0,3,13.941822765215171,20,0,2,0,0,0,0,1.1919290455522094,3.0,caucasian,0.6978395198409468,0.6384876638886627,0
3384,16,1,2,2,11.736408901471274,18,1,4,0,0,0,0,1.810037822647263,3.0,hispanic,0.5874420763494669,0.7112094534446267,0
3385,15,1,0,1,16.655581420465893,13,1,3,0,1,0,0,2.539112848520151,4.0,caucasian,0.8336834186745065,0.8085783930721545,1
3386,16,1,0,1,1.44543418022703,20,0,3,1,1,0,0,1.3956306751141432,1.0,caucasian,0.0723018938477674,0.27561132569343716,2
3387,16,0,0,2,13.81402078998332,14,0,2,0,0,0,0,2.000084011141924,4.0,caucasian,0.6914420760002673,0.6340094532001871,0
3388,18,1,0,3,10.680554607694354,2,0,4,1,0,0,0,3.4555094110343934,0.0,caucasian,0.5345886792394133,0.6742120754675893,1
3389,17,0,0,1,7.583217279598868,4,1,4,0,1,0,0,3.279149727025028,4.0,caucasian,0.3795438015981706,0.5656806611187194,1
3390,16,1,0,2,6.8054996446806175,20,0,2,0,0,0,1,1.142332879526157,2.0,caucasian,0.3406132225967931,0.3884292558177551,1
3391,16,1,1,0,12.416652655483858,17,0,2,0,1,1,0,1.8032967626292096,1.0,african_american,0.6214933592531446,0.5850453514772013,2
3392,16,1,0,2,17.819907492885296,13,0,2,0,0,0,1,2.1400138778043982,1.0,caucasian,0.8919666388440629,0.774376647190844,1
